Aug-15 15:20:23.326 [main] DEBUG nextflow.cli.Launcher - Setting https proxy: ProxyConfig[protocol=https; host=proxy; port=3128]
Aug-15 15:20:23.968 [main] DEBUG nextflow.cli.Launcher - $> nextflow run main.nf -profile cluster_podman -params-file ../tcr_pred_data/params.yml -w work1
Aug-15 15:20:24.281 [main] DEBUG nextflow.cli.CmdRun - N E X T F L O W  ~  version 25.04.2
Aug-15 15:20:24.323 [main] DEBUG nextflow.plugin.PluginsFacade - Setting up plugin manager > mode=prod; embedded=false; plugins-dir=/home/asmirnov/.nextflow/plugins; core-plugins: nf-amazon@2.15.0,nf-azure@1.16.0,nf-cloudcache@0.4.3,nf-codecommit@0.2.3,nf-console@1.2.1,nf-google@1.21.0,nf-k8s@1.0.0,nf-tower@1.11.2,nf-wave@1.12.1
Aug-15 15:20:24.407 [main] INFO  o.pf4j.DefaultPluginStatusProvider - Enabled plugins: []
Aug-15 15:20:24.408 [main] INFO  o.pf4j.DefaultPluginStatusProvider - Disabled plugins: []
Aug-15 15:20:24.412 [main] INFO  org.pf4j.DefaultPluginManager - PF4J version 3.12.0 in 'deployment' mode
Aug-15 15:20:24.455 [main] INFO  org.pf4j.AbstractPluginManager - No plugins
Aug-15 15:20:24.480 [main] DEBUG nextflow.config.ConfigBuilder - Found config local: /home/asmirnov/dissertation_new/PASS/nextflow.config
Aug-15 15:20:24.483 [main] DEBUG nextflow.config.ConfigBuilder - Parsing config file: /home/asmirnov/dissertation_new/PASS/nextflow.config
Aug-15 15:20:24.523 [main] DEBUG n.secret.LocalSecretsProvider - Secrets store: /home/asmirnov/.nextflow/secrets/store.json
Aug-15 15:20:24.528 [main] DEBUG nextflow.secret.SecretsLoader - Discovered secrets providers: [nextflow.secret.LocalSecretsProvider@73877e19] - activable => nextflow.secret.LocalSecretsProvider@73877e19
Aug-15 15:20:24.796 [main] DEBUG nextflow.config.ConfigBuilder - Applying config profile: `cluster_podman`
Aug-15 15:20:25.853 [main] DEBUG nextflow.config.ConfigBuilder - Available config profiles: [cluster_podman]
Aug-15 15:20:26.114 [main] DEBUG nextflow.cli.CmdRun - Applied DSL=2 from script declaration
Aug-15 15:20:26.134 [main] DEBUG nextflow.cli.CmdRun - Launching `main.nf` [mad_lavoisier] DSL2 - revision: 2b43185ce9
Aug-15 15:20:26.136 [main] DEBUG nextflow.plugin.PluginsFacade - Plugins default=[]
Aug-15 15:20:26.136 [main] DEBUG nextflow.plugin.PluginsFacade - Plugins resolved requirement=[]
Aug-15 15:20:26.202 [main] DEBUG nextflow.Session - Session UUID: ed8e4b32-a88a-4b2e-ad75-8fdcab93cd3d
Aug-15 15:20:26.202 [main] DEBUG nextflow.Session - Run name: mad_lavoisier
Aug-15 15:20:26.203 [main] DEBUG nextflow.Session - Executor pool size: 2
Aug-15 15:20:26.212 [main] DEBUG nextflow.file.FilePorter - File porter settings maxRetries=3; maxTransfers=50; pollTimeout=null
Aug-15 15:20:26.218 [main] DEBUG nextflow.util.ThreadPoolBuilder - Creating thread pool 'FileTransfer' minSize=10; maxSize=10; workQueue=LinkedBlockingQueue[-1]; allowCoreThreadTimeout=false
Aug-15 15:20:26.659 [main] DEBUG nextflow.cli.CmdRun - 
  Version: 25.04.2 build 5947
  Created: 13-05-2025 21:58 UTC (14-05-2025 00:58 MSK)
  System: Linux 5.4.0-165-generic
  Runtime: Groovy 4.0.26 on OpenJDK 64-Bit Server VM 23.0.2-internal-adhoc.conda.src
  Encoding: UTF-8 (ANSI_X3.4-1968)
  Process: 2853195@frontend-1-2-13 [10.64.12.13]
  CPUs: 2 - Mem: 16 GB (15.5 GB) - Swap: 0 (0)
Aug-15 15:20:26.814 [main] DEBUG nextflow.Session - Work-dir: /home/asmirnov/dissertation_new/PASS/work1 [ceph]
Aug-15 15:20:26.815 [main] DEBUG nextflow.Session - Script base path does not exist or is not a directory: /home/asmirnov/dissertation_new/PASS/bin
Aug-15 15:20:26.829 [main] DEBUG nextflow.executor.ExecutorFactory - Extension executors providers=[]
Aug-15 15:20:26.841 [main] DEBUG nextflow.Session - Observer factory: DefaultObserverFactory
Aug-15 15:20:26.874 [main] DEBUG nextflow.Session - Observer factory (v2): LinObserverFactory
Aug-15 15:20:26.902 [main] DEBUG nextflow.cache.CacheFactory - Using Nextflow cache factory: nextflow.cache.DefaultCacheFactory
Aug-15 15:20:26.912 [main] DEBUG nextflow.util.CustomThreadPool - Creating default thread pool > poolSize: 3; maxThreads: 1000
Aug-15 15:20:27.202 [main] DEBUG nextflow.Session - Session start
Aug-15 15:20:27.210 [main] DEBUG nextflow.trace.TraceFileObserver - Workflow started -- trace file: /home/asmirnov/dissertation_new/PASS/tcr_pred_results/pipeline_info/execution_trace_2025-08-15_15-20-25.txt
Aug-15 15:20:28.726 [main] DEBUG nextflow.script.ScriptRunner - > Launching execution
Aug-15 15:20:28.974 [main] DEBUG nextflow.executor.ExecutorFactory - << taskConfig executor: slurm
Aug-15 15:20:28.974 [main] DEBUG nextflow.executor.ExecutorFactory - >> processorType: 'slurm'
Aug-15 15:20:28.989 [main] DEBUG nextflow.executor.Executor - [warm up] executor > slurm
Aug-15 15:20:28.999 [main] DEBUG n.processor.TaskPollingMonitor - Creating task monitor for executor 'slurm' > capacity: 30; pollInterval: 5s; dumpInterval: 5m 
Aug-15 15:20:29.005 [main] DEBUG n.processor.TaskPollingMonitor - >>> barrier register (monitor: slurm)
Aug-15 15:20:29.007 [main] DEBUG n.executor.AbstractGridExecutor - Creating executor 'slurm' > queue-stat-interval: 1m
Aug-15 15:20:29.031 [main] DEBUG nextflow.processor.TaskProcessor - Creating process 'GENERATE_TRAIN_CONFIG': maxForks=0; fair=false; array=0
Aug-15 15:20:29.100 [main] DEBUG nextflow.script.ProcessConfig - Config settings `withName:TRAIN` matches process TRAIN
Aug-15 15:20:29.107 [main] DEBUG nextflow.executor.ExecutorFactory - << taskConfig executor: slurm
Aug-15 15:20:29.107 [main] DEBUG nextflow.executor.ExecutorFactory - >> processorType: 'slurm'
Aug-15 15:20:29.108 [main] DEBUG nextflow.processor.TaskProcessor - Creating process 'TRAIN': maxForks=0; fair=false; array=0
Aug-15 15:20:29.115 [main] DEBUG nextflow.Session - Workflow process names [dsl2]: GENERATE_TRAIN_CONFIG, TRAIN
Aug-15 15:20:29.118 [main] DEBUG nextflow.Session - Igniting dataflow network (5)
Aug-15 15:20:29.130 [main] DEBUG nextflow.processor.TaskProcessor - Starting process > GENERATE_TRAIN_CONFIG
Aug-15 15:20:29.130 [main] DEBUG nextflow.processor.TaskProcessor - Starting process > TRAIN
Aug-15 15:20:29.130 [main] DEBUG nextflow.script.ScriptRunner - Parsed script files:
  Script_0f479db6145f07b4: /home/asmirnov/dissertation_new/PASS/main.nf
Aug-15 15:20:29.130 [main] DEBUG nextflow.script.ScriptRunner - > Awaiting termination 
Aug-15 15:20:29.130 [main] DEBUG nextflow.Session - Session await
Aug-15 15:20:29.138 [PathVisitor-1] DEBUG nextflow.file.PathVisitor - files for syntax: glob; folder: /home/asmirnov/dissertation_new/tcr_pred_data/; pattern: *.sdf; options: [:]
Aug-15 15:20:29.612 [Task submitter] DEBUG nextflow.executor.GridTaskHandler - [SLURM] submitted process GENERATE_TRAIN_CONFIG (human-ch_cdr3alpha_mhc_0_3) > jobId: 888751; workDir: /home/asmirnov/dissertation_new/PASS/work1/e0/1c0ac0703d57b5b0f8fed6ecda62d9
Aug-15 15:20:29.612 [Task submitter] INFO  nextflow.Session - [e0/1c0ac0] Submitted process > GENERATE_TRAIN_CONFIG (human-ch_cdr3alpha_mhc_0_3)
Aug-15 15:20:29.821 [Task submitter] DEBUG nextflow.executor.GridTaskHandler - [SLURM] submitted process GENERATE_TRAIN_CONFIG (human-ch_cdr3alpha_mhc_0_4) > jobId: 888752; workDir: /home/asmirnov/dissertation_new/PASS/work1/13/76f1986d4c84e5966925a5c16012b3
Aug-15 15:20:29.821 [Task submitter] INFO  nextflow.Session - [13/76f198] Submitted process > GENERATE_TRAIN_CONFIG (human-ch_cdr3alpha_mhc_0_4)
Aug-15 15:20:29.909 [Task submitter] DEBUG nextflow.executor.GridTaskHandler - [SLURM] submitted process GENERATE_TRAIN_CONFIG (human-ch_cdr3alpha_mhc_0_5) > jobId: 888753; workDir: /home/asmirnov/dissertation_new/PASS/work1/35/218ac8a13b59ddd9bd72216b0cc493
Aug-15 15:20:29.909 [Task submitter] INFO  nextflow.Session - [35/218ac8] Submitted process > GENERATE_TRAIN_CONFIG (human-ch_cdr3alpha_mhc_0_5)
Aug-15 15:20:29.969 [Task submitter] DEBUG nextflow.executor.GridTaskHandler - [SLURM] submitted process GENERATE_TRAIN_CONFIG (human-ch_cdr3alpha_mhc_0_6) > jobId: 888754; workDir: /home/asmirnov/dissertation_new/PASS/work1/ae/62bf255aa29d54c8affc64c651ec5b
Aug-15 15:20:29.969 [Task submitter] INFO  nextflow.Session - [ae/62bf25] Submitted process > GENERATE_TRAIN_CONFIG (human-ch_cdr3alpha_mhc_0_6)
Aug-15 15:20:30.033 [Task submitter] DEBUG nextflow.executor.GridTaskHandler - [SLURM] submitted process GENERATE_TRAIN_CONFIG (human-ch_cdr3alpha_mhc_0_8) > jobId: 888755; workDir: /home/asmirnov/dissertation_new/PASS/work1/80/f6585f43aba37bd3f262bc6448c45b
Aug-15 15:20:30.033 [Task submitter] INFO  nextflow.Session - [80/f6585f] Submitted process > GENERATE_TRAIN_CONFIG (human-ch_cdr3alpha_mhc_0_8)
Aug-15 15:20:30.146 [Task submitter] DEBUG nextflow.executor.GridTaskHandler - [SLURM] submitted process GENERATE_TRAIN_CONFIG (human-ch_cdr3alpha_mhc_0_7) > jobId: 888756; workDir: /home/asmirnov/dissertation_new/PASS/work1/f7/746341dfff1cd5099c2798fa069307
Aug-15 15:20:30.147 [Task submitter] INFO  nextflow.Session - [f7/746341] Submitted process > GENERATE_TRAIN_CONFIG (human-ch_cdr3alpha_mhc_0_7)
Aug-15 15:20:30.207 [Task submitter] DEBUG nextflow.executor.GridTaskHandler - [SLURM] submitted process GENERATE_TRAIN_CONFIG (human-ch_cdr3alpha_mhc_0_9) > jobId: 888757; workDir: /home/asmirnov/dissertation_new/PASS/work1/76/5c9adeb4413e381ceb9381909a5eac
Aug-15 15:20:30.208 [Task submitter] INFO  nextflow.Session - [76/5c9ade] Submitted process > GENERATE_TRAIN_CONFIG (human-ch_cdr3alpha_mhc_0_9)
Aug-15 15:20:30.291 [Task submitter] DEBUG nextflow.executor.GridTaskHandler - [SLURM] submitted process GENERATE_TRAIN_CONFIG (human-ch_cdr3alpha_mhc_0_10) > jobId: 888758; workDir: /home/asmirnov/dissertation_new/PASS/work1/c8/53552c54b8db8a70092848dc03b4a1
Aug-15 15:20:30.292 [Task submitter] INFO  nextflow.Session - [c8/53552c] Submitted process > GENERATE_TRAIN_CONFIG (human-ch_cdr3alpha_mhc_0_10)
Aug-15 15:20:30.634 [Task submitter] DEBUG nextflow.executor.GridTaskHandler - [SLURM] submitted process GENERATE_TRAIN_CONFIG (human-ch_cdr3alpha_mhc_0_11) > jobId: 888759; workDir: /home/asmirnov/dissertation_new/PASS/work1/b8/6b70aff4a670cadcb7fa2798ef9ebc
Aug-15 15:20:30.635 [Task submitter] INFO  nextflow.Session - [b8/6b70af] Submitted process > GENERATE_TRAIN_CONFIG (human-ch_cdr3alpha_mhc_0_11)
Aug-15 15:20:30.684 [Task submitter] DEBUG nextflow.executor.GridTaskHandler - [SLURM] submitted process GENERATE_TRAIN_CONFIG (human-ch_cdr3alpha_mhc_0_12) > jobId: 888760; workDir: /home/asmirnov/dissertation_new/PASS/work1/46/7cad0e6f677d2e1a1158486f88f18b
Aug-15 15:20:30.685 [Task submitter] INFO  nextflow.Session - [46/7cad0e] Submitted process > GENERATE_TRAIN_CONFIG (human-ch_cdr3alpha_mhc_0_12)
Aug-15 15:20:30.775 [Task submitter] DEBUG nextflow.executor.GridTaskHandler - [SLURM] submitted process GENERATE_TRAIN_CONFIG (mouse-u_cdr3alpha_mhc_0_3) > jobId: 888761; workDir: /home/asmirnov/dissertation_new/PASS/work1/78/c4904ac029398cbafafad850690685
Aug-15 15:20:30.775 [Task submitter] INFO  nextflow.Session - [78/c4904a] Submitted process > GENERATE_TRAIN_CONFIG (mouse-u_cdr3alpha_mhc_0_3)
Aug-15 15:20:30.998 [Task submitter] DEBUG nextflow.executor.GridTaskHandler - [SLURM] submitted process GENERATE_TRAIN_CONFIG (mouse-u_cdr3alpha_mhc_0_4) > jobId: 888762; workDir: /home/asmirnov/dissertation_new/PASS/work1/83/1a95c681f66c0b52a608c4f5eca2ac
Aug-15 15:20:30.999 [Task submitter] INFO  nextflow.Session - [83/1a95c6] Submitted process > GENERATE_TRAIN_CONFIG (mouse-u_cdr3alpha_mhc_0_4)
Aug-15 15:20:31.052 [Task submitter] DEBUG nextflow.executor.GridTaskHandler - [SLURM] submitted process GENERATE_TRAIN_CONFIG (mouse-u_cdr3alpha_mhc_0_5) > jobId: 888763; workDir: /home/asmirnov/dissertation_new/PASS/work1/b5/838f8882b8d8c3e813ddd470aefaf6
Aug-15 15:20:31.052 [Task submitter] INFO  nextflow.Session - [b5/838f88] Submitted process > GENERATE_TRAIN_CONFIG (mouse-u_cdr3alpha_mhc_0_5)
Aug-15 15:20:31.086 [Task submitter] DEBUG nextflow.executor.GridTaskHandler - [SLURM] submitted process GENERATE_TRAIN_CONFIG (mouse-u_cdr3alpha_mhc_0_6) > jobId: 888764; workDir: /home/asmirnov/dissertation_new/PASS/work1/84/5057b8f41b04d9bcd70e3fb76dd3d0
Aug-15 15:20:31.086 [Task submitter] INFO  nextflow.Session - [84/5057b8] Submitted process > GENERATE_TRAIN_CONFIG (mouse-u_cdr3alpha_mhc_0_6)
Aug-15 15:20:31.127 [Task submitter] DEBUG nextflow.executor.GridTaskHandler - [SLURM] submitted process GENERATE_TRAIN_CONFIG (mouse-u_cdr3alpha_mhc_0_7) > jobId: 888765; workDir: /home/asmirnov/dissertation_new/PASS/work1/ab/4cb1d6d27dacd562935e7b97d1dfd5
Aug-15 15:20:31.127 [Task submitter] INFO  nextflow.Session - [ab/4cb1d6] Submitted process > GENERATE_TRAIN_CONFIG (mouse-u_cdr3alpha_mhc_0_7)
Aug-15 15:20:31.169 [Task submitter] DEBUG nextflow.executor.GridTaskHandler - [SLURM] submitted process GENERATE_TRAIN_CONFIG (mouse-u_cdr3alpha_mhc_0_9) > jobId: 888766; workDir: /home/asmirnov/dissertation_new/PASS/work1/63/95474df0b32903ec932185ee794a1c
Aug-15 15:20:31.169 [Task submitter] INFO  nextflow.Session - [63/95474d] Submitted process > GENERATE_TRAIN_CONFIG (mouse-u_cdr3alpha_mhc_0_9)
Aug-15 15:20:31.191 [Task submitter] DEBUG nextflow.executor.GridTaskHandler - [SLURM] submitted process GENERATE_TRAIN_CONFIG (mouse-u_cdr3alpha_mhc_0_10) > jobId: 888767; workDir: /home/asmirnov/dissertation_new/PASS/work1/a8/42f0dc03865653fd7dd78892729cc5
Aug-15 15:20:31.191 [Task submitter] INFO  nextflow.Session - [a8/42f0dc] Submitted process > GENERATE_TRAIN_CONFIG (mouse-u_cdr3alpha_mhc_0_10)
Aug-15 15:20:31.212 [Task submitter] DEBUG nextflow.executor.GridTaskHandler - [SLURM] submitted process GENERATE_TRAIN_CONFIG (mouse-u_cdr3alpha_mhc_0_8) > jobId: 888768; workDir: /home/asmirnov/dissertation_new/PASS/work1/41/a467230924bed3b88549807d8d249a
Aug-15 15:20:31.212 [Task submitter] INFO  nextflow.Session - [41/a46723] Submitted process > GENERATE_TRAIN_CONFIG (mouse-u_cdr3alpha_mhc_0_8)
Aug-15 15:20:31.237 [Task submitter] DEBUG nextflow.executor.GridTaskHandler - [SLURM] submitted process GENERATE_TRAIN_CONFIG (mouse-u_cdr3alpha_mhc_0_11) > jobId: 888769; workDir: /home/asmirnov/dissertation_new/PASS/work1/ae/a3f867486f381141b974e3acbab200
Aug-15 15:20:31.237 [Task submitter] INFO  nextflow.Session - [ae/a3f867] Submitted process > GENERATE_TRAIN_CONFIG (mouse-u_cdr3alpha_mhc_0_11)
Aug-15 15:20:31.257 [Task submitter] DEBUG nextflow.executor.GridTaskHandler - [SLURM] submitted process GENERATE_TRAIN_CONFIG (mouse-u_cdr3alpha_mhc_0_12) > jobId: 888770; workDir: /home/asmirnov/dissertation_new/PASS/work1/c2/acfa97071a23519986648f81c507e0
Aug-15 15:20:31.257 [Task submitter] INFO  nextflow.Session - [c2/acfa97] Submitted process > GENERATE_TRAIN_CONFIG (mouse-u_cdr3alpha_mhc_0_12)
Aug-15 15:20:31.277 [Task submitter] DEBUG nextflow.executor.GridTaskHandler - [SLURM] submitted process GENERATE_TRAIN_CONFIG (human-ch_cdr3beta_mhc_0_3) > jobId: 888771; workDir: /home/asmirnov/dissertation_new/PASS/work1/7a/1123129cd6082aa9e38125fbb32bdb
Aug-15 15:20:31.277 [Task submitter] INFO  nextflow.Session - [7a/112312] Submitted process > GENERATE_TRAIN_CONFIG (human-ch_cdr3beta_mhc_0_3)
Aug-15 15:20:31.303 [Task submitter] DEBUG nextflow.executor.GridTaskHandler - [SLURM] submitted process GENERATE_TRAIN_CONFIG (human-ch_cdr3beta_mhc_0_5) > jobId: 888772; workDir: /home/asmirnov/dissertation_new/PASS/work1/57/221769ffd5edd9a46e696aedc3bc07
Aug-15 15:20:31.303 [Task submitter] INFO  nextflow.Session - [57/221769] Submitted process > GENERATE_TRAIN_CONFIG (human-ch_cdr3beta_mhc_0_5)
Aug-15 15:20:31.325 [Task submitter] DEBUG nextflow.executor.GridTaskHandler - [SLURM] submitted process GENERATE_TRAIN_CONFIG (human-ch_cdr3beta_mhc_0_4) > jobId: 888773; workDir: /home/asmirnov/dissertation_new/PASS/work1/42/dbdc1bb8b6e8bea1980cc75792d2b8
Aug-15 15:20:31.325 [Task submitter] INFO  nextflow.Session - [42/dbdc1b] Submitted process > GENERATE_TRAIN_CONFIG (human-ch_cdr3beta_mhc_0_4)
Aug-15 15:20:31.346 [Task submitter] DEBUG nextflow.executor.GridTaskHandler - [SLURM] submitted process GENERATE_TRAIN_CONFIG (human-ch_cdr3beta_mhc_0_6) > jobId: 888774; workDir: /home/asmirnov/dissertation_new/PASS/work1/e1/e8f63c3056ca585b2ff79c94a9fb9e
Aug-15 15:20:31.346 [Task submitter] INFO  nextflow.Session - [e1/e8f63c] Submitted process > GENERATE_TRAIN_CONFIG (human-ch_cdr3beta_mhc_0_6)
Aug-15 15:20:31.367 [Task submitter] DEBUG nextflow.executor.GridTaskHandler - [SLURM] submitted process GENERATE_TRAIN_CONFIG (human-ch_cdr3beta_mhc_0_8) > jobId: 888775; workDir: /home/asmirnov/dissertation_new/PASS/work1/eb/d75eb1501929c7bd0ae9c9619ea99b
Aug-15 15:20:31.367 [Task submitter] INFO  nextflow.Session - [eb/d75eb1] Submitted process > GENERATE_TRAIN_CONFIG (human-ch_cdr3beta_mhc_0_8)
Aug-15 15:20:31.387 [Task submitter] DEBUG nextflow.executor.GridTaskHandler - [SLURM] submitted process GENERATE_TRAIN_CONFIG (human-ch_cdr3beta_mhc_0_9) > jobId: 888776; workDir: /home/asmirnov/dissertation_new/PASS/work1/1d/fa42dc48a187095f53fba619b5b895
Aug-15 15:20:31.387 [Task submitter] INFO  nextflow.Session - [1d/fa42dc] Submitted process > GENERATE_TRAIN_CONFIG (human-ch_cdr3beta_mhc_0_9)
Aug-15 15:20:31.410 [Task submitter] DEBUG nextflow.executor.GridTaskHandler - [SLURM] submitted process GENERATE_TRAIN_CONFIG (human-ch_cdr3beta_mhc_0_10) > jobId: 888777; workDir: /home/asmirnov/dissertation_new/PASS/work1/fc/a8c88bf1151c6b952e9e19f8a36888
Aug-15 15:20:31.410 [Task submitter] INFO  nextflow.Session - [fc/a8c88b] Submitted process > GENERATE_TRAIN_CONFIG (human-ch_cdr3beta_mhc_0_10)
Aug-15 15:20:31.431 [Task submitter] DEBUG nextflow.executor.GridTaskHandler - [SLURM] submitted process GENERATE_TRAIN_CONFIG (human-ch_cdr3beta_mhc_0_7) > jobId: 888778; workDir: /home/asmirnov/dissertation_new/PASS/work1/1b/bd1eab3be18d33e22f2b9511df295a
Aug-15 15:20:31.431 [Task submitter] INFO  nextflow.Session - [1b/bd1eab] Submitted process > GENERATE_TRAIN_CONFIG (human-ch_cdr3beta_mhc_0_7)
Aug-15 15:20:31.470 [Task submitter] DEBUG nextflow.executor.GridTaskHandler - [SLURM] submitted process GENERATE_TRAIN_CONFIG (human-ch_cdr3beta_mhc_0_12) > jobId: 888779; workDir: /home/asmirnov/dissertation_new/PASS/work1/af/cf9384a52534d4dcc5d5bbda74aeb5
Aug-15 15:20:31.471 [Task submitter] INFO  nextflow.Session - [af/cf9384] Submitted process > GENERATE_TRAIN_CONFIG (human-ch_cdr3beta_mhc_0_12)
Aug-15 15:20:31.506 [Task submitter] DEBUG nextflow.executor.GridTaskHandler - [SLURM] submitted process GENERATE_TRAIN_CONFIG (human-ch_cdr3beta_mhc_0_11) > jobId: 888780; workDir: /home/asmirnov/dissertation_new/PASS/work1/32/0f314327fd380b0f3fa3cae53f52f2
Aug-15 15:20:31.506 [Task submitter] INFO  nextflow.Session - [32/0f3143] Submitted process > GENERATE_TRAIN_CONFIG (human-ch_cdr3beta_mhc_0_11)
Aug-15 15:20:34.225 [Task monitor] DEBUG n.processor.TaskPollingMonitor - Task completed > TaskHandler[jobId: 888751; id: 1; name: GENERATE_TRAIN_CONFIG (human-ch_cdr3alpha_mhc_0_3); status: COMPLETED; exit: 0; error: -; workDir: /home/asmirnov/dissertation_new/PASS/work1/e0/1c0ac0703d57b5b0f8fed6ecda62d9 started: 1755260434112; exited: 2025-08-15T12:20:32.799555535Z; ]
Aug-15 15:20:34.238 [Task monitor] DEBUG nextflow.util.ThreadPoolBuilder - Creating thread pool 'TaskFinalizer' minSize=10; maxSize=10; workQueue=LinkedBlockingQueue[-1]; allowCoreThreadTimeout=false
Aug-15 15:20:34.284 [Task submitter] DEBUG nextflow.executor.GridTaskHandler - [SLURM] submitted process GENERATE_TRAIN_CONFIG (human-u_cdr3beta_mhc_0_4) > jobId: 888781; workDir: /home/asmirnov/dissertation_new/PASS/work1/1c/98ac5d3e1564927e97ff42023ce17c
Aug-15 15:20:34.284 [Task submitter] INFO  nextflow.Session - [1c/98ac5d] Submitted process > GENERATE_TRAIN_CONFIG (human-u_cdr3beta_mhc_0_4)
Aug-15 15:20:34.351 [Task monitor] DEBUG n.processor.TaskPollingMonitor - Task completed > TaskHandler[jobId: 888752; id: 2; name: GENERATE_TRAIN_CONFIG (human-ch_cdr3alpha_mhc_0_4); status: COMPLETED; exit: 0; error: -; workDir: /home/asmirnov/dissertation_new/PASS/work1/13/76f1986d4c84e5966925a5c16012b3 started: 1755260434284; exited: 2025-08-15T12:20:32.799555535Z; ]
Aug-15 15:20:34.402 [Task submitter] DEBUG nextflow.executor.GridTaskHandler - [SLURM] submitted process GENERATE_TRAIN_CONFIG (human-u_cdr3beta_mhc_0_3) > jobId: 888782; workDir: /home/asmirnov/dissertation_new/PASS/work1/e9/8250bd329d42400a2ffb79539eb475
Aug-15 15:20:34.402 [Task submitter] INFO  nextflow.Session - [e9/8250bd] Submitted process > GENERATE_TRAIN_CONFIG (human-u_cdr3beta_mhc_0_3)
Aug-15 15:20:34.497 [Task monitor] DEBUG n.processor.TaskPollingMonitor - Task completed > TaskHandler[jobId: 888753; id: 3; name: GENERATE_TRAIN_CONFIG (human-ch_cdr3alpha_mhc_0_5); status: COMPLETED; exit: 0; error: -; workDir: /home/asmirnov/dissertation_new/PASS/work1/35/218ac8a13b59ddd9bd72216b0cc493 started: 1755260434420; exited: 2025-08-15T12:20:32.739555218Z; ]
Aug-15 15:20:34.547 [Task submitter] DEBUG nextflow.executor.GridTaskHandler - [SLURM] submitted process GENERATE_TRAIN_CONFIG (human-u_cdr3beta_mhc_0_6) > jobId: 888783; workDir: /home/asmirnov/dissertation_new/PASS/work1/36/159bfef9058f5a602d5ffcb3484807
Aug-15 15:20:34.547 [Task submitter] INFO  nextflow.Session - [36/159bfe] Submitted process > GENERATE_TRAIN_CONFIG (human-u_cdr3beta_mhc_0_6)
Aug-15 15:20:34.985 [Task monitor] DEBUG n.processor.TaskPollingMonitor - Task completed > TaskHandler[jobId: 888754; id: 4; name: GENERATE_TRAIN_CONFIG (human-ch_cdr3alpha_mhc_0_6); status: COMPLETED; exit: 0; error: -; workDir: /home/asmirnov/dissertation_new/PASS/work1/ae/62bf255aa29d54c8affc64c651ec5b started: 1755260434559; exited: 2025-08-15T12:20:32.795555514Z; ]
Aug-15 15:20:35.043 [Task submitter] DEBUG nextflow.executor.GridTaskHandler - [SLURM] submitted process GENERATE_TRAIN_CONFIG (human-u_cdr3beta_mhc_0_5) > jobId: 888784; workDir: /home/asmirnov/dissertation_new/PASS/work1/eb/fa0802e6d87092f20185dd6b0cc6c1
Aug-15 15:20:35.043 [Task submitter] INFO  nextflow.Session - [eb/fa0802] Submitted process > GENERATE_TRAIN_CONFIG (human-u_cdr3beta_mhc_0_5)
Aug-15 15:20:35.443 [Task monitor] DEBUG n.processor.TaskPollingMonitor - Task completed > TaskHandler[jobId: 888755; id: 6; name: GENERATE_TRAIN_CONFIG (human-ch_cdr3alpha_mhc_0_8); status: COMPLETED; exit: 0; error: -; workDir: /home/asmirnov/dissertation_new/PASS/work1/80/f6585f43aba37bd3f262bc6448c45b started: 1755260435141; exited: 2025-08-15T12:20:32.799555535Z; ]
Aug-15 15:20:35.479 [Task submitter] DEBUG nextflow.executor.GridTaskHandler - [SLURM] submitted process GENERATE_TRAIN_CONFIG (human-u_cdr3beta_mhc_0_7) > jobId: 888785; workDir: /home/asmirnov/dissertation_new/PASS/work1/df/d502165c5f439e6b00140465432385
Aug-15 15:20:35.479 [Task submitter] INFO  nextflow.Session - [df/d50216] Submitted process > GENERATE_TRAIN_CONFIG (human-u_cdr3beta_mhc_0_7)
Aug-15 15:20:35.617 [Task monitor] DEBUG n.processor.TaskPollingMonitor - Task completed > TaskHandler[jobId: 888756; id: 5; name: GENERATE_TRAIN_CONFIG (human-ch_cdr3alpha_mhc_0_7); status: COMPLETED; exit: 0; error: -; workDir: /home/asmirnov/dissertation_new/PASS/work1/f7/746341dfff1cd5099c2798fa069307 started: 1755260435547; exited: 2025-08-15T12:20:33.848791126Z; ]
Aug-15 15:20:35.648 [Task submitter] DEBUG nextflow.executor.GridTaskHandler - [SLURM] submitted process GENERATE_TRAIN_CONFIG (human-u_cdr3beta_mhc_0_8) > jobId: 888786; workDir: /home/asmirnov/dissertation_new/PASS/work1/35/53b9f7047bda6a217bd3b882a17553
Aug-15 15:20:35.648 [Task submitter] INFO  nextflow.Session - [35/53b9f7] Submitted process > GENERATE_TRAIN_CONFIG (human-u_cdr3beta_mhc_0_8)
Aug-15 15:20:35.751 [Task monitor] DEBUG n.processor.TaskPollingMonitor - Task completed > TaskHandler[jobId: 888757; id: 7; name: GENERATE_TRAIN_CONFIG (human-ch_cdr3alpha_mhc_0_9); status: COMPLETED; exit: 0; error: -; workDir: /home/asmirnov/dissertation_new/PASS/work1/76/5c9adeb4413e381ceb9381909a5eac started: 1755260435676; exited: 2025-08-15T12:20:34.128788425Z; ]
Aug-15 15:20:35.792 [Task submitter] DEBUG nextflow.executor.GridTaskHandler - [SLURM] submitted process GENERATE_TRAIN_CONFIG (human-u_cdr3beta_mhc_0_9) > jobId: 888787; workDir: /home/asmirnov/dissertation_new/PASS/work1/71/e92c713a3f1c65415e6e1b044cad0b
Aug-15 15:20:35.793 [Task submitter] INFO  nextflow.Session - [71/e92c71] Submitted process > GENERATE_TRAIN_CONFIG (human-u_cdr3beta_mhc_0_9)
Aug-15 15:20:35.966 [Task monitor] DEBUG n.processor.TaskPollingMonitor - Task completed > TaskHandler[jobId: 888758; id: 8; name: GENERATE_TRAIN_CONFIG (human-ch_cdr3alpha_mhc_0_10); status: COMPLETED; exit: 0; error: -; workDir: /home/asmirnov/dissertation_new/PASS/work1/c8/53552c54b8db8a70092848dc03b4a1 started: 1755260435818; exited: 2025-08-15T12:20:33.512794365Z; ]
Aug-15 15:20:36.115 [Task submitter] DEBUG nextflow.executor.GridTaskHandler - [SLURM] submitted process GENERATE_TRAIN_CONFIG (human-u_cdr3beta_mhc_0_10) > jobId: 888788; workDir: /home/asmirnov/dissertation_new/PASS/work1/d5/0279b039e747ccc948f2df093a3a06
Aug-15 15:20:36.116 [Task submitter] INFO  nextflow.Session - [d5/0279b0] Submitted process > GENERATE_TRAIN_CONFIG (human-u_cdr3beta_mhc_0_10)
Aug-15 15:20:36.345 [Task monitor] DEBUG n.processor.TaskPollingMonitor - Task completed > TaskHandler[jobId: 888759; id: 9; name: GENERATE_TRAIN_CONFIG (human-ch_cdr3alpha_mhc_0_11); status: COMPLETED; exit: 0; error: -; workDir: /home/asmirnov/dissertation_new/PASS/work1/b8/6b70aff4a670cadcb7fa2798ef9ebc started: 1755260436206; exited: 2025-08-15T12:20:33.512794365Z; ]
Aug-15 15:20:36.378 [Task submitter] DEBUG nextflow.executor.GridTaskHandler - [SLURM] submitted process GENERATE_TRAIN_CONFIG (human-u_cdr3beta_mhc_0_12) > jobId: 888789; workDir: /home/asmirnov/dissertation_new/PASS/work1/8f/38237cdee37a0e786a3cedb9ebc2e9
Aug-15 15:20:36.378 [Task submitter] INFO  nextflow.Session - [8f/38237c] Submitted process > GENERATE_TRAIN_CONFIG (human-u_cdr3beta_mhc_0_12)
Aug-15 15:20:36.482 [Task monitor] DEBUG n.processor.TaskPollingMonitor - Task completed > TaskHandler[jobId: 888760; id: 10; name: GENERATE_TRAIN_CONFIG (human-ch_cdr3alpha_mhc_0_12); status: COMPLETED; exit: 0; error: -; workDir: /home/asmirnov/dissertation_new/PASS/work1/46/7cad0e6f677d2e1a1158486f88f18b started: 1755260436405; exited: 2025-08-15T12:20:34.128788425Z; ]
Aug-15 15:20:36.537 [Task submitter] DEBUG nextflow.executor.GridTaskHandler - [SLURM] submitted process GENERATE_TRAIN_CONFIG (human-u_cdr3beta_mhc_0_11) > jobId: 888790; workDir: /home/asmirnov/dissertation_new/PASS/work1/30/f8dbfb26f5a6002117e37482d73f57
Aug-15 15:20:36.538 [Task submitter] INFO  nextflow.Session - [30/f8dbfb] Submitted process > GENERATE_TRAIN_CONFIG (human-u_cdr3beta_mhc_0_11)
Aug-15 15:20:36.930 [Task monitor] DEBUG n.processor.TaskPollingMonitor - Task completed > TaskHandler[jobId: 888761; id: 11; name: GENERATE_TRAIN_CONFIG (mouse-u_cdr3alpha_mhc_0_3); status: COMPLETED; exit: 0; error: -; workDir: /home/asmirnov/dissertation_new/PASS/work1/78/c4904ac029398cbafafad850690685 started: 1755260436556; exited: 2025-08-15T12:20:33.844791163Z; ]
Aug-15 15:20:36.977 [Task submitter] DEBUG nextflow.executor.GridTaskHandler - [SLURM] submitted process GENERATE_TRAIN_CONFIG (mouse-u_cdr3beta_epitope_0_3) > jobId: 888791; workDir: /home/asmirnov/dissertation_new/PASS/work1/b2/6bfa9c2f7408cfa1104ecc65bcbd7a
Aug-15 15:20:36.978 [Task submitter] INFO  nextflow.Session - [b2/6bfa9c] Submitted process > GENERATE_TRAIN_CONFIG (mouse-u_cdr3beta_epitope_0_3)
Aug-15 15:20:37.125 [Task monitor] DEBUG n.processor.TaskPollingMonitor - Task completed > TaskHandler[jobId: 888762; id: 12; name: GENERATE_TRAIN_CONFIG (mouse-u_cdr3alpha_mhc_0_4); status: COMPLETED; exit: 0; error: -; workDir: /home/asmirnov/dissertation_new/PASS/work1/83/1a95c681f66c0b52a608c4f5eca2ac started: 1755260436991; exited: 2025-08-15T12:20:33.848791126Z; ]
Aug-15 15:20:37.158 [Task submitter] DEBUG nextflow.executor.GridTaskHandler - [SLURM] submitted process GENERATE_TRAIN_CONFIG (mouse-u_cdr3beta_epitope_0_5) > jobId: 888792; workDir: /home/asmirnov/dissertation_new/PASS/work1/b8/ba6c7efdbc5e2a781f768f0cae2fb6
Aug-15 15:20:37.158 [Task submitter] INFO  nextflow.Session - [b8/ba6c7e] Submitted process > GENERATE_TRAIN_CONFIG (mouse-u_cdr3beta_epitope_0_5)
Aug-15 15:20:37.276 [Task monitor] DEBUG n.processor.TaskPollingMonitor - Task completed > TaskHandler[jobId: 888763; id: 13; name: GENERATE_TRAIN_CONFIG (mouse-u_cdr3alpha_mhc_0_5); status: COMPLETED; exit: 0; error: -; workDir: /home/asmirnov/dissertation_new/PASS/work1/b5/838f8882b8d8c3e813ddd470aefaf6 started: 1755260437187; exited: 2025-08-15T12:20:34.072788964Z; ]
Aug-15 15:20:37.411 [Task submitter] DEBUG nextflow.executor.GridTaskHandler - [SLURM] submitted process GENERATE_TRAIN_CONFIG (mouse-u_cdr3beta_epitope_0_6) > jobId: 888793; workDir: /home/asmirnov/dissertation_new/PASS/work1/6b/37dea40ddcb7603e75041d1dd68bcd
Aug-15 15:20:37.411 [Task submitter] INFO  nextflow.Session - [6b/37dea4] Submitted process > GENERATE_TRAIN_CONFIG (mouse-u_cdr3beta_epitope_0_6)
Aug-15 15:20:37.624 [Task monitor] DEBUG n.processor.TaskPollingMonitor - Task completed > TaskHandler[jobId: 888764; id: 14; name: GENERATE_TRAIN_CONFIG (mouse-u_cdr3alpha_mhc_0_6); status: COMPLETED; exit: 0; error: -; workDir: /home/asmirnov/dissertation_new/PASS/work1/84/5057b8f41b04d9bcd70e3fb76dd3d0 started: 1755260437493; exited: 2025-08-15T12:20:33.8927907Z; ]
Aug-15 15:20:37.655 [Task submitter] DEBUG nextflow.executor.GridTaskHandler - [SLURM] submitted process GENERATE_TRAIN_CONFIG (mouse-u_cdr3beta_epitope_0_4) > jobId: 888794; workDir: /home/asmirnov/dissertation_new/PASS/work1/4b/a8343a8f13e356f82559cfa8239b24
Aug-15 15:20:37.655 [Task submitter] INFO  nextflow.Session - [4b/a8343a] Submitted process > GENERATE_TRAIN_CONFIG (mouse-u_cdr3beta_epitope_0_4)
Aug-15 15:20:37.819 [Task monitor] DEBUG n.processor.TaskPollingMonitor - Task completed > TaskHandler[jobId: 888765; id: 15; name: GENERATE_TRAIN_CONFIG (mouse-u_cdr3alpha_mhc_0_7); status: COMPLETED; exit: 0; error: -; workDir: /home/asmirnov/dissertation_new/PASS/work1/ab/4cb1d6d27dacd562935e7b97d1dfd5 started: 1755260437693; exited: 2025-08-15T12:20:33.844791163Z; ]
Aug-15 15:20:37.855 [Task submitter] DEBUG nextflow.executor.GridTaskHandler - [SLURM] submitted process GENERATE_TRAIN_CONFIG (mouse-u_cdr3beta_epitope_0_7) > jobId: 888795; workDir: /home/asmirnov/dissertation_new/PASS/work1/41/683b8d2ee4513c8ff1590e896807dc
Aug-15 15:20:37.855 [Task submitter] INFO  nextflow.Session - [41/683b8d] Submitted process > GENERATE_TRAIN_CONFIG (mouse-u_cdr3beta_epitope_0_7)
Aug-15 15:20:38.450 [Task monitor] DEBUG n.processor.TaskPollingMonitor - Task completed > TaskHandler[jobId: 888766; id: 17; name: GENERATE_TRAIN_CONFIG (mouse-u_cdr3alpha_mhc_0_9); status: COMPLETED; exit: 0; error: -; workDir: /home/asmirnov/dissertation_new/PASS/work1/63/95474df0b32903ec932185ee794a1c started: 1755260437888; exited: 2025-08-15T12:20:34.505105581Z; ]
Aug-15 15:20:38.483 [Task submitter] DEBUG nextflow.executor.GridTaskHandler - [SLURM] submitted process GENERATE_TRAIN_CONFIG (mouse-u_cdr3beta_epitope_0_9) > jobId: 888796; workDir: /home/asmirnov/dissertation_new/PASS/work1/c0/1173391ad574607360c83f651a1f88
Aug-15 15:20:38.484 [Task submitter] INFO  nextflow.Session - [c0/117339] Submitted process > GENERATE_TRAIN_CONFIG (mouse-u_cdr3beta_epitope_0_9)
Aug-15 15:20:38.743 [Task monitor] DEBUG n.processor.TaskPollingMonitor - Task completed > TaskHandler[jobId: 888767; id: 18; name: GENERATE_TRAIN_CONFIG (mouse-u_cdr3alpha_mhc_0_10); status: COMPLETED; exit: 0; error: -; workDir: /home/asmirnov/dissertation_new/PASS/work1/a8/42f0dc03865653fd7dd78892729cc5 started: 1755260438511; exited: 2025-08-15T12:20:34.133113343Z; ]
Aug-15 15:20:38.780 [Task submitter] DEBUG nextflow.executor.GridTaskHandler - [SLURM] submitted process GENERATE_TRAIN_CONFIG (mouse-u_cdr3beta_epitope_0_10) > jobId: 888797; workDir: /home/asmirnov/dissertation_new/PASS/work1/d4/8adf881e8acd1adbcebbcd95720332
Aug-15 15:20:38.780 [Task submitter] INFO  nextflow.Session - [d4/8adf88] Submitted process > GENERATE_TRAIN_CONFIG (mouse-u_cdr3beta_epitope_0_10)
Aug-15 15:20:39.003 [Task monitor] DEBUG n.processor.TaskPollingMonitor - Task completed > TaskHandler[jobId: 888768; id: 16; name: GENERATE_TRAIN_CONFIG (mouse-u_cdr3alpha_mhc_0_8); status: COMPLETED; exit: 0; error: -; workDir: /home/asmirnov/dissertation_new/PASS/work1/41/a467230924bed3b88549807d8d249a started: 1755260438929; exited: 2025-08-15T12:20:34.205111841Z; ]
Aug-15 15:20:39.038 [Task submitter] DEBUG nextflow.executor.GridTaskHandler - [SLURM] submitted process GENERATE_TRAIN_CONFIG (mouse-u_cdr3beta_epitope_0_8) > jobId: 888798; workDir: /home/asmirnov/dissertation_new/PASS/work1/f4/4708a1be6af92b02262c81f07d4957
Aug-15 15:20:39.038 [Task submitter] INFO  nextflow.Session - [f4/4708a1] Submitted process > GENERATE_TRAIN_CONFIG (mouse-u_cdr3beta_epitope_0_8)
Aug-15 15:20:39.076 [Task monitor] DEBUG n.processor.TaskPollingMonitor - Task completed > TaskHandler[jobId: 888769; id: 19; name: GENERATE_TRAIN_CONFIG (mouse-u_cdr3alpha_mhc_0_11); status: COMPLETED; exit: 0; error: -; workDir: /home/asmirnov/dissertation_new/PASS/work1/ae/a3f867486f381141b974e3acbab200 started: 1755260439010; exited: 2025-08-15T12:20:34.201111924Z; ]
Aug-15 15:20:39.103 [Task submitter] DEBUG nextflow.executor.GridTaskHandler - [SLURM] submitted process GENERATE_TRAIN_CONFIG (mouse-u_cdr3beta_epitope_0_11) > jobId: 888799; workDir: /home/asmirnov/dissertation_new/PASS/work1/c3/6495540e32fbf2d9b462f3b5151fcb
Aug-15 15:20:39.104 [Task submitter] INFO  nextflow.Session - [c3/649554] Submitted process > GENERATE_TRAIN_CONFIG (mouse-u_cdr3beta_epitope_0_11)
Aug-15 15:20:39.153 [Task monitor] DEBUG n.processor.TaskPollingMonitor - Task completed > TaskHandler[jobId: 888770; id: 20; name: GENERATE_TRAIN_CONFIG (mouse-u_cdr3alpha_mhc_0_12); status: COMPLETED; exit: 0; error: -; workDir: /home/asmirnov/dissertation_new/PASS/work1/c2/acfa97071a23519986648f81c507e0 started: 1755260439077; exited: 2025-08-15T12:20:34.209111757Z; ]
Aug-15 15:20:39.190 [Task submitter] DEBUG nextflow.executor.GridTaskHandler - [SLURM] submitted process GENERATE_TRAIN_CONFIG (mouse-u_cdr3beta_epitope_0_12) > jobId: 888800; workDir: /home/asmirnov/dissertation_new/PASS/work1/1b/113a24a08f718f855420058d04e3aa
Aug-15 15:20:39.190 [Task submitter] INFO  nextflow.Session - [1b/113a24] Submitted process > GENERATE_TRAIN_CONFIG (mouse-u_cdr3beta_epitope_0_12)
Aug-15 15:20:39.240 [Task monitor] DEBUG n.processor.TaskPollingMonitor - Task completed > TaskHandler[jobId: 888771; id: 21; name: GENERATE_TRAIN_CONFIG (human-ch_cdr3beta_mhc_0_3); status: COMPLETED; exit: 0; error: -; workDir: /home/asmirnov/dissertation_new/PASS/work1/7a/1123129cd6082aa9e38125fbb32bdb started: 1755260439160; exited: 2025-08-15T12:20:34.205111841Z; ]
Aug-15 15:20:39.327 [Task submitter] DEBUG nextflow.executor.GridTaskHandler - [SLURM] submitted process GENERATE_TRAIN_CONFIG (mouse-ch_cdr3alpha_mhc_0_3) > jobId: 888801; workDir: /home/asmirnov/dissertation_new/PASS/work1/b4/db100a70bca9114a062ff8750326da
Aug-15 15:20:39.327 [Task submitter] INFO  nextflow.Session - [b4/db100a] Submitted process > GENERATE_TRAIN_CONFIG (mouse-ch_cdr3alpha_mhc_0_3)
Aug-15 15:20:39.411 [Task monitor] DEBUG n.processor.TaskPollingMonitor - Task completed > TaskHandler[jobId: 888772; id: 23; name: GENERATE_TRAIN_CONFIG (human-ch_cdr3beta_mhc_0_5); status: COMPLETED; exit: 0; error: -; workDir: /home/asmirnov/dissertation_new/PASS/work1/57/221769ffd5edd9a46e696aedc3bc07 started: 1755260439294; exited: 2025-08-15T12:20:34.205111841Z; ]
Aug-15 15:20:39.473 [Task submitter] DEBUG nextflow.executor.GridTaskHandler - [SLURM] submitted process GENERATE_TRAIN_CONFIG (mouse-ch_cdr3alpha_mhc_0_4) > jobId: 888802; workDir: /home/asmirnov/dissertation_new/PASS/work1/a1/9f35c0839b6944fbe96c598e8c335b
Aug-15 15:20:39.473 [Task submitter] INFO  nextflow.Session - [a1/9f35c0] Submitted process > GENERATE_TRAIN_CONFIG (mouse-ch_cdr3alpha_mhc_0_4)
Aug-15 15:20:39.507 [Task monitor] DEBUG n.processor.TaskPollingMonitor - Task completed > TaskHandler[jobId: 888773; id: 22; name: GENERATE_TRAIN_CONFIG (human-ch_cdr3beta_mhc_0_4); status: COMPLETED; exit: 0; error: -; workDir: /home/asmirnov/dissertation_new/PASS/work1/42/dbdc1bb8b6e8bea1980cc75792d2b8 started: 1755260439416; exited: 2025-08-15T12:20:34.209111757Z; ]
Aug-15 15:20:39.554 [Task monitor] DEBUG n.processor.TaskPollingMonitor - Task completed > TaskHandler[jobId: 888774; id: 24; name: GENERATE_TRAIN_CONFIG (human-ch_cdr3beta_mhc_0_6); status: COMPLETED; exit: 0; error: -; workDir: /home/asmirnov/dissertation_new/PASS/work1/e1/e8f63c3056ca585b2ff79c94a9fb9e started: 1755260439513; exited: 2025-08-15T12:20:34.361108586Z; ]
Aug-15 15:20:39.564 [Task submitter] DEBUG nextflow.executor.GridTaskHandler - [SLURM] submitted process GENERATE_TRAIN_CONFIG (mouse-ch_cdr3alpha_mhc_0_5) > jobId: 888803; workDir: /home/asmirnov/dissertation_new/PASS/work1/40/6d92eaa4dab4147b02fbf3e368646b
Aug-15 15:20:39.565 [Task submitter] INFO  nextflow.Session - [40/6d92ea] Submitted process > GENERATE_TRAIN_CONFIG (mouse-ch_cdr3alpha_mhc_0_5)
Aug-15 15:20:39.588 [Task submitter] DEBUG nextflow.executor.GridTaskHandler - [SLURM] submitted process GENERATE_TRAIN_CONFIG (mouse-ch_cdr3alpha_mhc_0_6) > jobId: 888804; workDir: /home/asmirnov/dissertation_new/PASS/work1/b7/157aeb6dfec7e8da9ad254331f9f49
Aug-15 15:20:39.589 [Task submitter] INFO  nextflow.Session - [b7/157aeb] Submitted process > GENERATE_TRAIN_CONFIG (mouse-ch_cdr3alpha_mhc_0_6)
Aug-15 15:20:39.645 [Task monitor] DEBUG n.processor.TaskPollingMonitor - Task completed > TaskHandler[jobId: 888775; id: 26; name: GENERATE_TRAIN_CONFIG (human-ch_cdr3beta_mhc_0_8); status: COMPLETED; exit: 0; error: -; workDir: /home/asmirnov/dissertation_new/PASS/work1/eb/d75eb1501929c7bd0ae9c9619ea99b started: 1755260439557; exited: 2025-08-15T12:20:34.205111841Z; ]
Aug-15 15:20:39.669 [Task submitter] DEBUG nextflow.executor.GridTaskHandler - [SLURM] submitted process GENERATE_TRAIN_CONFIG (mouse-ch_cdr3alpha_mhc_0_7) > jobId: 888805; workDir: /home/asmirnov/dissertation_new/PASS/work1/ad/ef5b3f36003688c2069704277f3471
Aug-15 15:20:39.669 [Task submitter] INFO  nextflow.Session - [ad/ef5b3f] Submitted process > GENERATE_TRAIN_CONFIG (mouse-ch_cdr3alpha_mhc_0_7)
Aug-15 15:20:39.697 [Task monitor] DEBUG n.processor.TaskPollingMonitor - Task completed > TaskHandler[jobId: 888776; id: 27; name: GENERATE_TRAIN_CONFIG (human-ch_cdr3beta_mhc_0_9); status: COMPLETED; exit: 0; error: -; workDir: /home/asmirnov/dissertation_new/PASS/work1/1d/fa42dc48a187095f53fba619b5b895 started: 1755260439646; exited: 2025-08-15T12:20:34.237111173Z; ]
Aug-15 15:20:39.845 [Task submitter] DEBUG nextflow.executor.GridTaskHandler - [SLURM] submitted process GENERATE_TRAIN_CONFIG (mouse-ch_cdr3alpha_mhc_0_8) > jobId: 888806; workDir: /home/asmirnov/dissertation_new/PASS/work1/92/32698b66174b716aa65eaf5ca6f864
Aug-15 15:20:39.846 [Task submitter] INFO  nextflow.Session - [92/32698b] Submitted process > GENERATE_TRAIN_CONFIG (mouse-ch_cdr3alpha_mhc_0_8)
Aug-15 15:20:39.941 [Task monitor] DEBUG n.processor.TaskPollingMonitor - Task completed > TaskHandler[jobId: 888777; id: 28; name: GENERATE_TRAIN_CONFIG (human-ch_cdr3beta_mhc_0_10); status: COMPLETED; exit: 0; error: -; workDir: /home/asmirnov/dissertation_new/PASS/work1/fc/a8c88bf1151c6b952e9e19f8a36888 started: 1755260439817; exited: 2025-08-15T12:20:34.233111256Z; ]
Aug-15 15:20:39.974 [Task submitter] DEBUG nextflow.executor.GridTaskHandler - [SLURM] submitted process GENERATE_TRAIN_CONFIG (mouse-ch_cdr3alpha_mhc_0_9) > jobId: 888807; workDir: /home/asmirnov/dissertation_new/PASS/work1/5a/4300e55b41deeac526e13fdf4ea424
Aug-15 15:20:39.974 [Task submitter] INFO  nextflow.Session - [5a/4300e5] Submitted process > GENERATE_TRAIN_CONFIG (mouse-ch_cdr3alpha_mhc_0_9)
Aug-15 15:20:40.004 [Task monitor] DEBUG n.processor.TaskPollingMonitor - Task completed > TaskHandler[jobId: 888778; id: 25; name: GENERATE_TRAIN_CONFIG (human-ch_cdr3beta_mhc_0_7); status: COMPLETED; exit: 0; error: -; workDir: /home/asmirnov/dissertation_new/PASS/work1/1b/bd1eab3be18d33e22f2b9511df295a started: 1755260439942; exited: 2025-08-15T12:20:34.237111173Z; ]
Aug-15 15:20:40.040 [Task submitter] DEBUG nextflow.executor.GridTaskHandler - [SLURM] submitted process GENERATE_TRAIN_CONFIG (mouse-ch_cdr3alpha_mhc_0_11) > jobId: 888808; workDir: /home/asmirnov/dissertation_new/PASS/work1/ef/d6a1802bf841cfaf7f01dcb7110325
Aug-15 15:20:40.040 [Task submitter] INFO  nextflow.Session - [ef/d6a180] Submitted process > GENERATE_TRAIN_CONFIG (mouse-ch_cdr3alpha_mhc_0_11)
Aug-15 15:20:40.055 [Task monitor] DEBUG n.processor.TaskPollingMonitor - Task completed > TaskHandler[jobId: 888779; id: 30; name: GENERATE_TRAIN_CONFIG (human-ch_cdr3beta_mhc_0_12); status: COMPLETED; exit: 0; error: -; workDir: /home/asmirnov/dissertation_new/PASS/work1/af/cf9384a52534d4dcc5d5bbda74aeb5 started: 1755260440016; exited: 2025-08-15T12:20:34.233111256Z; ]
Aug-15 15:20:40.081 [Task submitter] DEBUG nextflow.executor.GridTaskHandler - [SLURM] submitted process GENERATE_TRAIN_CONFIG (mouse-ch_cdr3alpha_mhc_0_10) > jobId: 888809; workDir: /home/asmirnov/dissertation_new/PASS/work1/8f/290d198628b3dfe5339d43a1f8e233
Aug-15 15:20:40.081 [Task submitter] INFO  nextflow.Session - [8f/290d19] Submitted process > GENERATE_TRAIN_CONFIG (mouse-ch_cdr3alpha_mhc_0_10)
Aug-15 15:20:40.131 [Task monitor] DEBUG n.processor.TaskPollingMonitor - Task completed > TaskHandler[jobId: 888780; id: 29; name: GENERATE_TRAIN_CONFIG (human-ch_cdr3beta_mhc_0_11); status: COMPLETED; exit: 0; error: -; workDir: /home/asmirnov/dissertation_new/PASS/work1/32/0f314327fd380b0f3fa3cae53f52f2 started: 1755260440057; exited: 2025-08-15T12:20:35.001095232Z; ]
Aug-15 15:20:40.156 [Task submitter] DEBUG nextflow.executor.GridTaskHandler - [SLURM] submitted process GENERATE_TRAIN_CONFIG (mouse-ch_cdr3alpha_mhc_0_12) > jobId: 888810; workDir: /home/asmirnov/dissertation_new/PASS/work1/0f/a88a54b2c4b318541a439759ec8187
Aug-15 15:20:40.157 [Task submitter] INFO  nextflow.Session - [0f/a88a54] Submitted process > GENERATE_TRAIN_CONFIG (mouse-ch_cdr3alpha_mhc_0_12)
Aug-15 15:20:40.265 [Task monitor] DEBUG n.processor.TaskPollingMonitor - Task completed > TaskHandler[jobId: 888781; id: 32; name: GENERATE_TRAIN_CONFIG (human-u_cdr3beta_mhc_0_4); status: COMPLETED; exit: 0; error: -; workDir: /home/asmirnov/dissertation_new/PASS/work1/1c/98ac5d3e1564927e97ff42023ce17c started: 1755260440203; exited: 2025-08-15T12:20:35.763571213Z; ]
Aug-15 15:20:40.297 [Task submitter] DEBUG nextflow.executor.GridTaskHandler - [SLURM] submitted process GENERATE_TRAIN_CONFIG (mouse-ch_cdr3beta_epitope_0_3) > jobId: 888811; workDir: /home/asmirnov/dissertation_new/PASS/work1/a8/acc07ca407d85d42c035169b1ab784
Aug-15 15:20:40.298 [Task submitter] INFO  nextflow.Session - [a8/acc07c] Submitted process > GENERATE_TRAIN_CONFIG (mouse-ch_cdr3beta_epitope_0_3)
Aug-15 15:20:41.070 [Task monitor] DEBUG n.processor.TaskPollingMonitor - Task completed > TaskHandler[jobId: 888782; id: 31; name: GENERATE_TRAIN_CONFIG (human-u_cdr3beta_mhc_0_3); status: COMPLETED; exit: 0; error: -; workDir: /home/asmirnov/dissertation_new/PASS/work1/e9/8250bd329d42400a2ffb79539eb475 started: 1755260440328; exited: 2025-08-15T12:20:35.691570833Z; ]
Aug-15 15:20:41.186 [Task submitter] DEBUG nextflow.executor.GridTaskHandler - [SLURM] submitted process GENERATE_TRAIN_CONFIG (mouse-ch_cdr3beta_epitope_0_4) > jobId: 888812; workDir: /home/asmirnov/dissertation_new/PASS/work1/bd/0d75914b1ab027f16a965fbc5db25e
Aug-15 15:20:41.186 [Task submitter] INFO  nextflow.Session - [bd/0d7591] Submitted process > GENERATE_TRAIN_CONFIG (mouse-ch_cdr3beta_epitope_0_4)
Aug-15 15:20:41.370 [Task monitor] DEBUG n.processor.TaskPollingMonitor - Task completed > TaskHandler[jobId: 888783; id: 34; name: GENERATE_TRAIN_CONFIG (human-u_cdr3beta_mhc_0_6); status: COMPLETED; exit: 0; error: -; workDir: /home/asmirnov/dissertation_new/PASS/work1/36/159bfef9058f5a602d5ffcb3484807 started: 1755260441309; exited: 2025-08-15T12:20:35.791571362Z; ]
Aug-15 15:20:41.401 [Task submitter] DEBUG nextflow.executor.GridTaskHandler - [SLURM] submitted process GENERATE_TRAIN_CONFIG (mouse-ch_cdr3beta_epitope_0_5) > jobId: 888813; workDir: /home/asmirnov/dissertation_new/PASS/work1/fd/a2b6e4e51bd7c3c4cd9332fb2b2868
Aug-15 15:20:41.401 [Task submitter] INFO  nextflow.Session - [fd/a2b6e4] Submitted process > GENERATE_TRAIN_CONFIG (mouse-ch_cdr3beta_epitope_0_5)
Aug-15 15:20:41.488 [Task monitor] DEBUG n.processor.TaskPollingMonitor - Task completed > TaskHandler[jobId: 888784; id: 33; name: GENERATE_TRAIN_CONFIG (human-u_cdr3beta_mhc_0_5); status: COMPLETED; exit: 0; error: -; workDir: /home/asmirnov/dissertation_new/PASS/work1/eb/fa0802e6d87092f20185dd6b0cc6c1 started: 1755260441417; exited: 2025-08-15T12:20:35.895571911Z; ]
Aug-15 15:20:41.520 [Task submitter] DEBUG nextflow.executor.GridTaskHandler - [SLURM] submitted process GENERATE_TRAIN_CONFIG (mouse-ch_cdr3beta_epitope_0_6) > jobId: 888814; workDir: /home/asmirnov/dissertation_new/PASS/work1/ac/ca395259500986e669ddcbb8d13a38
Aug-15 15:20:41.520 [Task submitter] INFO  nextflow.Session - [ac/ca3952] Submitted process > GENERATE_TRAIN_CONFIG (mouse-ch_cdr3beta_epitope_0_6)
Aug-15 15:20:41.634 [Task monitor] DEBUG n.processor.TaskPollingMonitor - Task completed > TaskHandler[jobId: 888785; id: 35; name: GENERATE_TRAIN_CONFIG (human-u_cdr3beta_mhc_0_7); status: COMPLETED; exit: 0; error: -; workDir: /home/asmirnov/dissertation_new/PASS/work1/df/d502165c5f439e6b00140465432385 started: 1755260441559; exited: 2025-08-15T12:20:37.008760647Z; ]
Aug-15 15:20:41.685 [Task submitter] DEBUG nextflow.executor.GridTaskHandler - [SLURM] submitted process GENERATE_TRAIN_CONFIG (mouse-ch_cdr3beta_epitope_0_7) > jobId: 888815; workDir: /home/asmirnov/dissertation_new/PASS/work1/57/9bb63d8167c9c2b97ab0e3a7361c41
Aug-15 15:20:41.686 [Task submitter] INFO  nextflow.Session - [57/9bb63d] Submitted process > GENERATE_TRAIN_CONFIG (mouse-ch_cdr3beta_epitope_0_7)
Aug-15 15:20:41.756 [Task monitor] DEBUG n.processor.TaskPollingMonitor - Task completed > TaskHandler[jobId: 888786; id: 36; name: GENERATE_TRAIN_CONFIG (human-u_cdr3beta_mhc_0_8); status: COMPLETED; exit: 0; error: -; workDir: /home/asmirnov/dissertation_new/PASS/work1/35/53b9f7047bda6a217bd3b882a17553 started: 1755260441639; exited: 2025-08-15T12:20:36.752763117Z; ]
Aug-15 15:20:41.880 [Task submitter] DEBUG nextflow.executor.GridTaskHandler - [SLURM] submitted process GENERATE_TRAIN_CONFIG (mouse-ch_cdr3beta_epitope_0_8) > jobId: 888816; workDir: /home/asmirnov/dissertation_new/PASS/work1/44/e169fb0c71c8ee94827f6d0cd63396
Aug-15 15:20:41.880 [Task submitter] INFO  nextflow.Session - [44/e169fb] Submitted process > GENERATE_TRAIN_CONFIG (mouse-ch_cdr3beta_epitope_0_8)
Aug-15 15:20:42.002 [Task monitor] DEBUG n.processor.TaskPollingMonitor - Task completed > TaskHandler[jobId: 888787; id: 37; name: GENERATE_TRAIN_CONFIG (human-u_cdr3beta_mhc_0_9); status: COMPLETED; exit: 0; error: -; workDir: /home/asmirnov/dissertation_new/PASS/work1/71/e92c713a3f1c65415e6e1b044cad0b started: 1755260441854; exited: 2025-08-15T12:20:36.752763117Z; ]
Aug-15 15:20:42.028 [Task submitter] DEBUG nextflow.executor.GridTaskHandler - [SLURM] submitted process GENERATE_TRAIN_CONFIG (mouse-ch_cdr3beta_epitope_0_9) > jobId: 888817; workDir: /home/asmirnov/dissertation_new/PASS/work1/21/5ca768151ed5792cce93d21a589695
Aug-15 15:20:42.028 [Task submitter] INFO  nextflow.Session - [21/5ca768] Submitted process > GENERATE_TRAIN_CONFIG (mouse-ch_cdr3beta_epitope_0_9)
Aug-15 15:20:42.204 [Task monitor] DEBUG n.processor.TaskPollingMonitor - Task completed > TaskHandler[jobId: 888788; id: 38; name: GENERATE_TRAIN_CONFIG (human-u_cdr3beta_mhc_0_10); status: COMPLETED; exit: 0; error: -; workDir: /home/asmirnov/dissertation_new/PASS/work1/d5/0279b039e747ccc948f2df093a3a06 started: 1755260442059; exited: 2025-08-15T12:20:37.571580776Z; ]
Aug-15 15:20:42.242 [Task submitter] DEBUG nextflow.executor.GridTaskHandler - [SLURM] submitted process GENERATE_TRAIN_CONFIG (mouse-ch_cdr3beta_epitope_0_10) > jobId: 888818; workDir: /home/asmirnov/dissertation_new/PASS/work1/c8/c0048bca3b485b97467e0c4ac0ee32
Aug-15 15:20:42.243 [Task submitter] INFO  nextflow.Session - [c8/c0048b] Submitted process > GENERATE_TRAIN_CONFIG (mouse-ch_cdr3beta_epitope_0_10)
Aug-15 15:20:42.382 [Task monitor] DEBUG n.processor.TaskPollingMonitor - Task completed > TaskHandler[jobId: 888789; id: 40; name: GENERATE_TRAIN_CONFIG (human-u_cdr3beta_mhc_0_12); status: COMPLETED; exit: 0; error: -; workDir: /home/asmirnov/dissertation_new/PASS/work1/8f/38237cdee37a0e786a3cedb9ebc2e9 started: 1755260442275; exited: 2025-08-15T12:20:37.571580776Z; ]
Aug-15 15:20:42.411 [Task submitter] DEBUG nextflow.executor.GridTaskHandler - [SLURM] submitted process GENERATE_TRAIN_CONFIG (mouse-ch_cdr3beta_epitope_0_11) > jobId: 888819; workDir: /home/asmirnov/dissertation_new/PASS/work1/ff/69bd7920eb3de6e503513ab965a646
Aug-15 15:20:42.411 [Task submitter] INFO  nextflow.Session - [ff/69bd79] Submitted process > GENERATE_TRAIN_CONFIG (mouse-ch_cdr3beta_epitope_0_11)
Aug-15 15:20:42.931 [Task monitor] DEBUG n.processor.TaskPollingMonitor - Task completed > TaskHandler[jobId: 888790; id: 39; name: GENERATE_TRAIN_CONFIG (human-u_cdr3beta_mhc_0_11); status: COMPLETED; exit: 0; error: -; workDir: /home/asmirnov/dissertation_new/PASS/work1/30/f8dbfb26f5a6002117e37482d73f57 started: 1755260442551; exited: 2025-08-15T12:20:37.571580776Z; ]
Aug-15 15:20:42.971 [Task submitter] DEBUG nextflow.executor.GridTaskHandler - [SLURM] submitted process GENERATE_TRAIN_CONFIG (mouse-ch_cdr3alpha_epitope_0_3) > jobId: 888820; workDir: /home/asmirnov/dissertation_new/PASS/work1/6c/e60d4b0186e2ce5ae035e21e5e748b
Aug-15 15:20:42.971 [Task submitter] INFO  nextflow.Session - [6c/e60d4b] Submitted process > GENERATE_TRAIN_CONFIG (mouse-ch_cdr3alpha_epitope_0_3)
Aug-15 15:20:43.088 [Task monitor] DEBUG n.processor.TaskPollingMonitor - Task completed > TaskHandler[jobId: 888791; id: 41; name: GENERATE_TRAIN_CONFIG (mouse-u_cdr3beta_epitope_0_3); status: COMPLETED; exit: 0; error: -; workDir: /home/asmirnov/dissertation_new/PASS/work1/b2/6bfa9c2f7408cfa1104ecc65bcbd7a started: 1755260443012; exited: 2025-08-15T12:20:37.843582215Z; ]
Aug-15 15:20:43.123 [Task submitter] DEBUG nextflow.executor.GridTaskHandler - [SLURM] submitted process GENERATE_TRAIN_CONFIG (mouse-ch_cdr3beta_epitope_0_12) > jobId: 888821; workDir: /home/asmirnov/dissertation_new/PASS/work1/66/b36e9cf7cdafce176472cd697e1bf6
Aug-15 15:20:43.123 [Task submitter] INFO  nextflow.Session - [66/b36e9c] Submitted process > GENERATE_TRAIN_CONFIG (mouse-ch_cdr3beta_epitope_0_12)
Aug-15 15:20:43.238 [Task monitor] DEBUG n.processor.TaskPollingMonitor - Task completed > TaskHandler[jobId: 888792; id: 43; name: GENERATE_TRAIN_CONFIG (mouse-u_cdr3beta_epitope_0_5); status: COMPLETED; exit: 0; error: -; workDir: /home/asmirnov/dissertation_new/PASS/work1/b8/ba6c7efdbc5e2a781f768f0cae2fb6 started: 1755260443164; exited: 2025-08-15T12:20:39.088740586Z; ]
Aug-15 15:20:43.282 [Task submitter] DEBUG nextflow.executor.GridTaskHandler - [SLURM] submitted process GENERATE_TRAIN_CONFIG (mouse-ch_cdr3alpha_epitope_0_5) > jobId: 888822; workDir: /home/asmirnov/dissertation_new/PASS/work1/60/b5c481ebf5a438b0c82d7bdf6e6562
Aug-15 15:20:43.282 [Task submitter] INFO  nextflow.Session - [60/b5c481] Submitted process > GENERATE_TRAIN_CONFIG (mouse-ch_cdr3alpha_epitope_0_5)
Aug-15 15:20:43.351 [Task monitor] DEBUG n.processor.TaskPollingMonitor - Task completed > TaskHandler[jobId: 888793; id: 44; name: GENERATE_TRAIN_CONFIG (mouse-u_cdr3beta_epitope_0_6); status: COMPLETED; exit: 0; error: -; workDir: /home/asmirnov/dissertation_new/PASS/work1/6b/37dea40ddcb7603e75041d1dd68bcd started: 1755260443297; exited: 2025-08-15T12:20:39.056740894Z; ]
Aug-15 15:20:43.438 [Task submitter] DEBUG nextflow.executor.GridTaskHandler - [SLURM] submitted process GENERATE_TRAIN_CONFIG (mouse-ch_cdr3alpha_epitope_0_4) > jobId: 888823; workDir: /home/asmirnov/dissertation_new/PASS/work1/84/b405c1e1961a0af8420828c3e7743e
Aug-15 15:20:43.439 [Task submitter] INFO  nextflow.Session - [84/b405c1] Submitted process > GENERATE_TRAIN_CONFIG (mouse-ch_cdr3alpha_epitope_0_4)
Aug-15 15:20:43.483 [Task monitor] DEBUG n.processor.TaskPollingMonitor - Task completed > TaskHandler[jobId: 888794; id: 42; name: GENERATE_TRAIN_CONFIG (mouse-u_cdr3beta_epitope_0_4); status: COMPLETED; exit: 0; error: -; workDir: /home/asmirnov/dissertation_new/PASS/work1/4b/a8343a8f13e356f82559cfa8239b24 started: 1755260443416; exited: 2025-08-15T12:20:39.016741281Z; ]
Aug-15 15:20:43.515 [Task submitter] DEBUG nextflow.executor.GridTaskHandler - [SLURM] submitted process GENERATE_TRAIN_CONFIG (mouse-ch_cdr3alpha_epitope_0_6) > jobId: 888824; workDir: /home/asmirnov/dissertation_new/PASS/work1/5e/04132ef394e32e86d5d749f3c6a314
Aug-15 15:20:43.515 [Task submitter] INFO  nextflow.Session - [5e/04132e] Submitted process > GENERATE_TRAIN_CONFIG (mouse-ch_cdr3alpha_epitope_0_6)
Aug-15 15:20:43.717 [Task monitor] DEBUG n.processor.TaskPollingMonitor - Task completed > TaskHandler[jobId: 888795; id: 45; name: GENERATE_TRAIN_CONFIG (mouse-u_cdr3beta_epitope_0_7); status: COMPLETED; exit: 0; error: -; workDir: /home/asmirnov/dissertation_new/PASS/work1/41/683b8d2ee4513c8ff1590e896807dc started: 1755260443549; exited: 2025-08-15T12:20:39.088740586Z; ]
Aug-15 15:20:43.743 [Task submitter] DEBUG nextflow.executor.GridTaskHandler - [SLURM] submitted process GENERATE_TRAIN_CONFIG (mouse-ch_cdr3alpha_epitope_0_7) > jobId: 888825; workDir: /home/asmirnov/dissertation_new/PASS/work1/07/97351c8a19bf1c6a89f441f7755a47
Aug-15 15:20:43.743 [Task submitter] INFO  nextflow.Session - [07/97351c] Submitted process > GENERATE_TRAIN_CONFIG (mouse-ch_cdr3alpha_epitope_0_7)
Aug-15 15:20:43.965 [Task monitor] DEBUG n.processor.TaskPollingMonitor - Task completed > TaskHandler[jobId: 888796; id: 47; name: GENERATE_TRAIN_CONFIG (mouse-u_cdr3beta_epitope_0_9); status: COMPLETED; exit: 0; error: -; workDir: /home/asmirnov/dissertation_new/PASS/work1/c0/1173391ad574607360c83f651a1f88 started: 1755260443897; exited: 2025-08-15T12:20:39.943593323Z; ]
Aug-15 15:20:44.120 [Task submitter] DEBUG nextflow.executor.GridTaskHandler - [SLURM] submitted process GENERATE_TRAIN_CONFIG (mouse-ch_cdr3alpha_epitope_0_9) > jobId: 888826; workDir: /home/asmirnov/dissertation_new/PASS/work1/96/7be85f43a9fc7b411928eed658fc8f
Aug-15 15:20:44.120 [Task submitter] INFO  nextflow.Session - [96/7be85f] Submitted process > GENERATE_TRAIN_CONFIG (mouse-ch_cdr3alpha_epitope_0_9)
Aug-15 15:20:44.275 [Task monitor] DEBUG n.processor.TaskPollingMonitor - Task completed > TaskHandler[jobId: 888797; id: 48; name: GENERATE_TRAIN_CONFIG (mouse-u_cdr3beta_epitope_0_10); status: COMPLETED; exit: 0; error: -; workDir: /home/asmirnov/dissertation_new/PASS/work1/d4/8adf881e8acd1adbcebbcd95720332 started: 1755260444203; exited: 2025-08-15T12:20:39.979593514Z; ]
Aug-15 15:20:44.298 [Task submitter] DEBUG nextflow.executor.GridTaskHandler - [SLURM] submitted process GENERATE_TRAIN_CONFIG (mouse-ch_cdr3alpha_epitope_0_8) > jobId: 888827; workDir: /home/asmirnov/dissertation_new/PASS/work1/9b/c260de480a1d199971e65a16e9fc21
Aug-15 15:20:44.298 [Task submitter] INFO  nextflow.Session - [9b/c260de] Submitted process > GENERATE_TRAIN_CONFIG (mouse-ch_cdr3alpha_epitope_0_8)
Aug-15 15:20:44.409 [Task monitor] DEBUG n.processor.TaskPollingMonitor - Task completed > TaskHandler[jobId: 888798; id: 46; name: GENERATE_TRAIN_CONFIG (mouse-u_cdr3beta_epitope_0_8); status: COMPLETED; exit: 0; error: -; workDir: /home/asmirnov/dissertation_new/PASS/work1/f4/4708a1be6af92b02262c81f07d4957 started: 1755260444328; exited: 2025-08-15T12:20:40.019593725Z; ]
Aug-15 15:20:44.441 [Task submitter] DEBUG nextflow.executor.GridTaskHandler - [SLURM] submitted process GENERATE_TRAIN_CONFIG (mouse-ch_cdr3alpha_epitope_0_10) > jobId: 888828; workDir: /home/asmirnov/dissertation_new/PASS/work1/06/0fe3739452b22f0f2fdbba03174317
Aug-15 15:20:44.441 [Task submitter] INFO  nextflow.Session - [06/0fe373] Submitted process > GENERATE_TRAIN_CONFIG (mouse-ch_cdr3alpha_epitope_0_10)
Aug-15 15:20:44.543 [Task monitor] DEBUG n.processor.TaskPollingMonitor - Task completed > TaskHandler[jobId: 888799; id: 49; name: GENERATE_TRAIN_CONFIG (mouse-u_cdr3beta_epitope_0_11); status: COMPLETED; exit: 0; error: -; workDir: /home/asmirnov/dissertation_new/PASS/work1/c3/6495540e32fbf2d9b462f3b5151fcb started: 1755260444462; exited: 2025-08-15T12:20:39.943593323Z; ]
Aug-15 15:20:44.588 [Task submitter] DEBUG nextflow.executor.GridTaskHandler - [SLURM] submitted process GENERATE_TRAIN_CONFIG (mouse-ch_cdr3alpha_epitope_0_11) > jobId: 888829; workDir: /home/asmirnov/dissertation_new/PASS/work1/3f/eaa1f4d5f397eeb25645dccaa77868
Aug-15 15:20:44.588 [Task submitter] INFO  nextflow.Session - [3f/eaa1f4] Submitted process > GENERATE_TRAIN_CONFIG (mouse-ch_cdr3alpha_epitope_0_11)
Aug-15 15:20:44.641 [Task monitor] DEBUG n.processor.TaskPollingMonitor - Task completed > TaskHandler[jobId: 888800; id: 50; name: GENERATE_TRAIN_CONFIG (mouse-u_cdr3beta_epitope_0_12); status: COMPLETED; exit: 0; error: -; workDir: /home/asmirnov/dissertation_new/PASS/work1/1b/113a24a08f718f855420058d04e3aa started: 1755260444600; exited: 2025-08-15T12:20:39.979593514Z; ]
Aug-15 15:20:44.935 [Task submitter] DEBUG nextflow.executor.GridTaskHandler - [SLURM] submitted process GENERATE_TRAIN_CONFIG (human-u_cdr3beta_epitope_0_3) > jobId: 888830; workDir: /home/asmirnov/dissertation_new/PASS/work1/14/bdf67292418df18ef5013630fee056
Aug-15 15:20:44.935 [Task submitter] INFO  nextflow.Session - [14/bdf672] Submitted process > GENERATE_TRAIN_CONFIG (human-u_cdr3beta_epitope_0_3)
Aug-15 15:20:45.186 [Task monitor] DEBUG n.processor.TaskPollingMonitor - Task completed > TaskHandler[jobId: 888801; id: 51; name: GENERATE_TRAIN_CONFIG (mouse-ch_cdr3alpha_mhc_0_3); status: COMPLETED; exit: 0; error: -; workDir: /home/asmirnov/dissertation_new/PASS/work1/b4/db100a70bca9114a062ff8750326da started: 1755260445121; exited: 2025-08-15T12:20:41.588716474Z; ]
Aug-15 15:20:45.215 [Task submitter] DEBUG nextflow.executor.GridTaskHandler - [SLURM] submitted process GENERATE_TRAIN_CONFIG (mouse-ch_cdr3alpha_epitope_0_12) > jobId: 888831; workDir: /home/asmirnov/dissertation_new/PASS/work1/e2/1d7370044af014c9bc24c4ec9d1537
Aug-15 15:20:45.216 [Task submitter] INFO  nextflow.Session - [e2/1d7370] Submitted process > GENERATE_TRAIN_CONFIG (mouse-ch_cdr3alpha_epitope_0_12)
Aug-15 15:20:45.323 [Task monitor] DEBUG n.processor.TaskPollingMonitor - Task completed > TaskHandler[jobId: 888802; id: 52; name: GENERATE_TRAIN_CONFIG (mouse-ch_cdr3alpha_mhc_0_4); status: COMPLETED; exit: 0; error: -; workDir: /home/asmirnov/dissertation_new/PASS/work1/a1/9f35c0839b6944fbe96c598e8c335b started: 1755260445250; exited: 2025-08-15T12:20:41.512717208Z; ]
Aug-15 15:20:45.380 [Task submitter] DEBUG nextflow.executor.GridTaskHandler - [SLURM] submitted process GENERATE_TRAIN_CONFIG (human-u_cdr3beta_epitope_0_5) > jobId: 888832; workDir: /home/asmirnov/dissertation_new/PASS/work1/97/501b3bb588a122a48fad8d5f86b5c9
Aug-15 15:20:45.381 [Task submitter] INFO  nextflow.Session - [97/501b3b] Submitted process > GENERATE_TRAIN_CONFIG (human-u_cdr3beta_epitope_0_5)
Aug-15 15:20:45.452 [Task monitor] DEBUG n.processor.TaskPollingMonitor - Task completed > TaskHandler[jobId: 888803; id: 53; name: GENERATE_TRAIN_CONFIG (mouse-ch_cdr3alpha_mhc_0_5); status: COMPLETED; exit: 0; error: -; workDir: /home/asmirnov/dissertation_new/PASS/work1/40/6d92eaa4dab4147b02fbf3e368646b started: 1755260445386; exited: 2025-08-15T12:20:41.668715703Z; ]
Aug-15 15:20:45.483 [Task submitter] DEBUG nextflow.executor.GridTaskHandler - [SLURM] submitted process GENERATE_TRAIN_CONFIG (human-u_cdr3beta_epitope_0_4) > jobId: 888833; workDir: /home/asmirnov/dissertation_new/PASS/work1/31/8caed24eabb43e6d27cdf2c886adbc
Aug-15 15:20:45.483 [Task submitter] INFO  nextflow.Session - [31/8caed2] Submitted process > GENERATE_TRAIN_CONFIG (human-u_cdr3beta_epitope_0_4)
Aug-15 15:20:45.581 [Task monitor] DEBUG n.processor.TaskPollingMonitor - Task completed > TaskHandler[jobId: 888804; id: 54; name: GENERATE_TRAIN_CONFIG (mouse-ch_cdr3alpha_mhc_0_6); status: COMPLETED; exit: 0; error: -; workDir: /home/asmirnov/dissertation_new/PASS/work1/b7/157aeb6dfec7e8da9ad254331f9f49 started: 1755260445515; exited: 2025-08-15T12:20:41.512717208Z; ]
Aug-15 15:20:45.610 [Task submitter] DEBUG nextflow.executor.GridTaskHandler - [SLURM] submitted process GENERATE_TRAIN_CONFIG (human-u_cdr3beta_epitope_0_7) > jobId: 888834; workDir: /home/asmirnov/dissertation_new/PASS/work1/d3/9c3f780efc1fe352d19c4ffc7b5bde
Aug-15 15:20:45.611 [Task submitter] INFO  nextflow.Session - [d3/9c3f78] Submitted process > GENERATE_TRAIN_CONFIG (human-u_cdr3beta_epitope_0_7)
Aug-15 15:20:45.735 [Task monitor] DEBUG n.processor.TaskPollingMonitor - Task completed > TaskHandler[jobId: 888805; id: 55; name: GENERATE_TRAIN_CONFIG (mouse-ch_cdr3alpha_mhc_0_7); status: COMPLETED; exit: 0; error: -; workDir: /home/asmirnov/dissertation_new/PASS/work1/ad/ef5b3f36003688c2069704277f3471 started: 1755260445645; exited: 2025-08-15T12:20:41.512717208Z; ]
Aug-15 15:20:45.765 [Task submitter] DEBUG nextflow.executor.GridTaskHandler - [SLURM] submitted process GENERATE_TRAIN_CONFIG (human-u_cdr3beta_epitope_0_6) > jobId: 888835; workDir: /home/asmirnov/dissertation_new/PASS/work1/11/5c3d18c6053b7bdc9fec02c3bbc9d9
Aug-15 15:20:45.766 [Task submitter] INFO  nextflow.Session - [11/5c3d18] Submitted process > GENERATE_TRAIN_CONFIG (human-u_cdr3beta_epitope_0_6)
Aug-15 15:20:45.867 [Task monitor] DEBUG n.processor.TaskPollingMonitor - Task completed > TaskHandler[jobId: 888806; id: 56; name: GENERATE_TRAIN_CONFIG (mouse-ch_cdr3alpha_mhc_0_8); status: COMPLETED; exit: 0; error: -; workDir: /home/asmirnov/dissertation_new/PASS/work1/92/32698b66174b716aa65eaf5ca6f864 started: 1755260445797; exited: 2025-08-15T12:20:41.512717208Z; ]
Aug-15 15:20:45.895 [Task submitter] DEBUG nextflow.executor.GridTaskHandler - [SLURM] submitted process GENERATE_TRAIN_CONFIG (human-u_cdr3beta_epitope_0_8) > jobId: 888836; workDir: /home/asmirnov/dissertation_new/PASS/work1/b6/19f578f5e9db4dbb194d082311d590
Aug-15 15:20:45.895 [Task submitter] INFO  nextflow.Session - [b6/19f578] Submitted process > GENERATE_TRAIN_CONFIG (human-u_cdr3beta_epitope_0_8)
Aug-15 15:20:45.944 [Task monitor] DEBUG n.processor.TaskPollingMonitor - Task completed > TaskHandler[jobId: 888807; id: 57; name: GENERATE_TRAIN_CONFIG (mouse-ch_cdr3alpha_mhc_0_9); status: COMPLETED; exit: 0; error: -; workDir: /home/asmirnov/dissertation_new/PASS/work1/5a/4300e55b41deeac526e13fdf4ea424 started: 1755260445871; exited: 2025-08-15T12:20:41.512717208Z; ]
Aug-15 15:20:46.124 [Task submitter] DEBUG nextflow.executor.GridTaskHandler - [SLURM] submitted process GENERATE_TRAIN_CONFIG (human-u_cdr3beta_epitope_0_9) > jobId: 888837; workDir: /home/asmirnov/dissertation_new/PASS/work1/5d/eb9faba01f2f2a2dfab28759519a9b
Aug-15 15:20:46.125 [Task submitter] INFO  nextflow.Session - [5d/eb9fab] Submitted process > GENERATE_TRAIN_CONFIG (human-u_cdr3beta_epitope_0_9)
Aug-15 15:20:46.415 [Task monitor] DEBUG n.processor.TaskPollingMonitor - Task completed > TaskHandler[jobId: 888808; id: 59; name: GENERATE_TRAIN_CONFIG (mouse-ch_cdr3alpha_mhc_0_11); status: COMPLETED; exit: 0; error: -; workDir: /home/asmirnov/dissertation_new/PASS/work1/ef/d6a1802bf841cfaf7f01dcb7110325 started: 1755260446274; exited: 2025-08-15T12:20:41.512717208Z; ]
Aug-15 15:20:46.443 [Task submitter] DEBUG nextflow.executor.GridTaskHandler - [SLURM] submitted process GENERATE_TRAIN_CONFIG (human-u_cdr3beta_epitope_0_10) > jobId: 888838; workDir: /home/asmirnov/dissertation_new/PASS/work1/25/47d467db816ab1bf804c35e0b8af76
Aug-15 15:20:46.443 [Task submitter] INFO  nextflow.Session - [25/47d467] Submitted process > GENERATE_TRAIN_CONFIG (human-u_cdr3beta_epitope_0_10)
Aug-15 15:20:46.522 [Task monitor] DEBUG n.processor.TaskPollingMonitor - Task completed > TaskHandler[jobId: 888809; id: 58; name: GENERATE_TRAIN_CONFIG (mouse-ch_cdr3alpha_mhc_0_10); status: COMPLETED; exit: 0; error: -; workDir: /home/asmirnov/dissertation_new/PASS/work1/8f/290d198628b3dfe5339d43a1f8e233 started: 1755260446454; exited: 2025-08-15T12:20:41.584716513Z; ]
Aug-15 15:20:46.552 [Task submitter] DEBUG nextflow.executor.GridTaskHandler - [SLURM] submitted process GENERATE_TRAIN_CONFIG (human-u_cdr3beta_epitope_0_11) > jobId: 888839; workDir: /home/asmirnov/dissertation_new/PASS/work1/b5/94682a58c965fbefecf0d2102d8320
Aug-15 15:20:46.553 [Task submitter] INFO  nextflow.Session - [b5/94682a] Submitted process > GENERATE_TRAIN_CONFIG (human-u_cdr3beta_epitope_0_11)
Aug-15 15:20:46.699 [Task monitor] DEBUG n.processor.TaskPollingMonitor - Task completed > TaskHandler[jobId: 888810; id: 60; name: GENERATE_TRAIN_CONFIG (mouse-ch_cdr3alpha_mhc_0_12); status: COMPLETED; exit: 0; error: -; workDir: /home/asmirnov/dissertation_new/PASS/work1/0f/a88a54b2c4b318541a439759ec8187 started: 1755260446591; exited: 2025-08-15T12:20:41.980712694Z; ]
Aug-15 15:20:46.727 [Task submitter] DEBUG nextflow.executor.GridTaskHandler - [SLURM] submitted process GENERATE_TRAIN_CONFIG (human-u_cdr3beta_epitope_0_12) > jobId: 888840; workDir: /home/asmirnov/dissertation_new/PASS/work1/88/40f94138fa8c89383d914d31d32cd7
Aug-15 15:20:46.727 [Task submitter] INFO  nextflow.Session - [88/40f941] Submitted process > GENERATE_TRAIN_CONFIG (human-u_cdr3beta_epitope_0_12)
Aug-15 15:20:47.101 [Task monitor] DEBUG n.processor.TaskPollingMonitor - Task completed > TaskHandler[jobId: 888811; id: 61; name: GENERATE_TRAIN_CONFIG (mouse-ch_cdr3beta_epitope_0_3); status: COMPLETED; exit: 0; error: -; workDir: /home/asmirnov/dissertation_new/PASS/work1/a8/acc07ca407d85d42c035169b1ab784 started: 1755260446858; exited: 2025-08-15T12:20:41.999604197Z; ]
Aug-15 15:20:47.130 [Task submitter] DEBUG nextflow.executor.GridTaskHandler - [SLURM] submitted process GENERATE_TRAIN_CONFIG (mouse-u_cdr3beta_mhc_0_3) > jobId: 888841; workDir: /home/asmirnov/dissertation_new/PASS/work1/2a/547b621f4b7392c39cc2ed43cea692
Aug-15 15:20:47.130 [Task submitter] INFO  nextflow.Session - [2a/547b62] Submitted process > GENERATE_TRAIN_CONFIG (mouse-u_cdr3beta_mhc_0_3)
Aug-15 15:20:47.489 [Task monitor] DEBUG n.processor.TaskPollingMonitor - Task completed > TaskHandler[jobId: 888812; id: 62; name: GENERATE_TRAIN_CONFIG (mouse-ch_cdr3beta_epitope_0_4); status: COMPLETED; exit: 0; error: -; workDir: /home/asmirnov/dissertation_new/PASS/work1/bd/0d75914b1ab027f16a965fbc5db25e started: 1755260447374; exited: 2025-08-15T12:20:42.935609148Z; ]
Aug-15 15:20:47.684 [Task submitter] DEBUG nextflow.executor.GridTaskHandler - [SLURM] submitted process GENERATE_TRAIN_CONFIG (mouse-u_cdr3beta_mhc_0_4) > jobId: 888842; workDir: /home/asmirnov/dissertation_new/PASS/work1/16/f6920a68572762e00cc6623dc9d660
Aug-15 15:20:47.684 [Task submitter] INFO  nextflow.Session - [16/f6920a] Submitted process > GENERATE_TRAIN_CONFIG (mouse-u_cdr3beta_mhc_0_4)
Aug-15 15:20:47.768 [Task monitor] DEBUG n.processor.TaskPollingMonitor - Task completed > TaskHandler[jobId: 888813; id: 63; name: GENERATE_TRAIN_CONFIG (mouse-ch_cdr3beta_epitope_0_5); status: COMPLETED; exit: 0; error: -; workDir: /home/asmirnov/dissertation_new/PASS/work1/fd/a2b6e4e51bd7c3c4cd9332fb2b2868 started: 1755260447684; exited: 2025-08-15T12:20:42.935609148Z; ]
Aug-15 15:20:47.794 [Task submitter] DEBUG nextflow.executor.GridTaskHandler - [SLURM] submitted process GENERATE_TRAIN_CONFIG (mouse-u_cdr3beta_mhc_0_5) > jobId: 888843; workDir: /home/asmirnov/dissertation_new/PASS/work1/52/4ae7cddabc55d80a412dec33e1c725
Aug-15 15:20:47.795 [Task submitter] INFO  nextflow.Session - [52/4ae7cd] Submitted process > GENERATE_TRAIN_CONFIG (mouse-u_cdr3beta_mhc_0_5)
Aug-15 15:20:47.894 [Task monitor] DEBUG n.processor.TaskPollingMonitor - Task completed > TaskHandler[jobId: 888814; id: 64; name: GENERATE_TRAIN_CONFIG (mouse-ch_cdr3beta_epitope_0_6); status: COMPLETED; exit: 0; error: -; workDir: /home/asmirnov/dissertation_new/PASS/work1/ac/ca395259500986e669ddcbb8d13a38 started: 1755260447816; exited: 2025-08-15T12:20:42.935609148Z; ]
Aug-15 15:20:47.939 [Task submitter] DEBUG nextflow.executor.GridTaskHandler - [SLURM] submitted process GENERATE_TRAIN_CONFIG (mouse-u_cdr3beta_mhc_0_6) > jobId: 888844; workDir: /home/asmirnov/dissertation_new/PASS/work1/d9/fc724df75e58566c1438edce9f260d
Aug-15 15:20:47.939 [Task submitter] INFO  nextflow.Session - [d9/fc724d] Submitted process > GENERATE_TRAIN_CONFIG (mouse-u_cdr3beta_mhc_0_6)
Aug-15 15:20:47.981 [Task monitor] DEBUG n.processor.TaskPollingMonitor - Task completed > TaskHandler[jobId: 888815; id: 65; name: GENERATE_TRAIN_CONFIG (mouse-ch_cdr3beta_epitope_0_7); status: COMPLETED; exit: 0; error: -; workDir: /home/asmirnov/dissertation_new/PASS/work1/57/9bb63d8167c9c2b97ab0e3a7361c41 started: 1755260447977; exited: 2025-08-15T12:20:43.107610058Z; ]
Aug-15 15:20:48.032 [Task submitter] DEBUG nextflow.executor.GridTaskHandler - [SLURM] submitted process GENERATE_TRAIN_CONFIG (mouse-u_cdr3beta_mhc_0_7) > jobId: 888845; workDir: /home/asmirnov/dissertation_new/PASS/work1/bb/534d22e7109b4fb170d3ca8ce3f103
Aug-15 15:20:48.033 [Task submitter] INFO  nextflow.Session - [bb/534d22] Submitted process > GENERATE_TRAIN_CONFIG (mouse-u_cdr3beta_mhc_0_7)
Aug-15 15:20:48.053 [Task monitor] DEBUG n.processor.TaskPollingMonitor - Task completed > TaskHandler[jobId: 888816; id: 66; name: GENERATE_TRAIN_CONFIG (mouse-ch_cdr3beta_epitope_0_8); status: COMPLETED; exit: 0; error: -; workDir: /home/asmirnov/dissertation_new/PASS/work1/44/e169fb0c71c8ee94827f6d0cd63396 started: 1755260447981; exited: 2025-08-15T12:20:43.032702548Z; ]
Aug-15 15:20:48.087 [Task submitter] DEBUG nextflow.executor.GridTaskHandler - [SLURM] submitted process GENERATE_TRAIN_CONFIG (mouse-u_cdr3beta_mhc_0_9) > jobId: 888846; workDir: /home/asmirnov/dissertation_new/PASS/work1/fd/7ff31952c1834173e4fad34b5d64e7
Aug-15 15:20:48.087 [Task submitter] INFO  nextflow.Session - [fd/7ff319] Submitted process > GENERATE_TRAIN_CONFIG (mouse-u_cdr3beta_mhc_0_9)
Aug-15 15:20:48.154 [Task monitor] DEBUG n.processor.TaskPollingMonitor - Task completed > TaskHandler[jobId: 888817; id: 67; name: GENERATE_TRAIN_CONFIG (mouse-ch_cdr3beta_epitope_0_9); status: COMPLETED; exit: 0; error: -; workDir: /home/asmirnov/dissertation_new/PASS/work1/21/5ca768151ed5792cce93d21a589695 started: 1755260448059; exited: 2025-08-15T12:20:43.100701891Z; ]
Aug-15 15:20:48.179 [Task submitter] DEBUG nextflow.executor.GridTaskHandler - [SLURM] submitted process GENERATE_TRAIN_CONFIG (mouse-u_cdr3beta_mhc_0_8) > jobId: 888847; workDir: /home/asmirnov/dissertation_new/PASS/work1/69/a225fd63904bf2d29703c5fb427b30
Aug-15 15:20:48.180 [Task submitter] INFO  nextflow.Session - [69/a225fd] Submitted process > GENERATE_TRAIN_CONFIG (mouse-u_cdr3beta_mhc_0_8)
Aug-15 15:20:48.431 [Task monitor] DEBUG n.processor.TaskPollingMonitor - Task completed > TaskHandler[jobId: 888818; id: 68; name: GENERATE_TRAIN_CONFIG (mouse-ch_cdr3beta_epitope_0_10); status: COMPLETED; exit: 0; error: -; workDir: /home/asmirnov/dissertation_new/PASS/work1/c8/c0048bca3b485b97467e0c4ac0ee32 started: 1755260448221; exited: 2025-08-15T12:20:43.367611433Z; ]
Aug-15 15:20:48.458 [Task submitter] DEBUG nextflow.executor.GridTaskHandler - [SLURM] submitted process GENERATE_TRAIN_CONFIG (mouse-u_cdr3beta_mhc_0_11) > jobId: 888848; workDir: /home/asmirnov/dissertation_new/PASS/work1/6b/8dce8cb967d769188d5b6327cd9dd4
Aug-15 15:20:48.459 [Task submitter] INFO  nextflow.Session - [6b/8dce8c] Submitted process > GENERATE_TRAIN_CONFIG (mouse-u_cdr3beta_mhc_0_11)
Aug-15 15:20:48.553 [Task monitor] DEBUG n.processor.TaskPollingMonitor - Task completed > TaskHandler[jobId: 888819; id: 69; name: GENERATE_TRAIN_CONFIG (mouse-ch_cdr3beta_epitope_0_11); status: COMPLETED; exit: 0; error: -; workDir: /home/asmirnov/dissertation_new/PASS/work1/ff/69bd7920eb3de6e503513ab965a646 started: 1755260448477; exited: 2025-08-15T12:20:43.367611433Z; ]
Aug-15 15:20:48.576 [Task submitter] DEBUG nextflow.executor.GridTaskHandler - [SLURM] submitted process GENERATE_TRAIN_CONFIG (mouse-u_cdr3beta_mhc_0_10) > jobId: 888849; workDir: /home/asmirnov/dissertation_new/PASS/work1/94/09e6d987cbd07626ea920010acee2f
Aug-15 15:20:48.576 [Task submitter] INFO  nextflow.Session - [94/09e6d9] Submitted process > GENERATE_TRAIN_CONFIG (mouse-u_cdr3beta_mhc_0_10)
Aug-15 15:20:48.680 [Task monitor] DEBUG n.processor.TaskPollingMonitor - Task completed > TaskHandler[jobId: 888820; id: 71; name: GENERATE_TRAIN_CONFIG (mouse-ch_cdr3alpha_epitope_0_3); status: COMPLETED; exit: 0; error: -; workDir: /home/asmirnov/dissertation_new/PASS/work1/6c/e60d4b0186e2ce5ae035e21e5e748b started: 1755260448613; exited: 2025-08-15T12:20:43.732695796Z; ]
Aug-15 15:20:48.708 [Task submitter] DEBUG nextflow.executor.GridTaskHandler - [SLURM] submitted process GENERATE_TRAIN_CONFIG (mouse-ch_cdr3beta_mhc_0_3) > jobId: 888850; workDir: /home/asmirnov/dissertation_new/PASS/work1/5f/5c0969404b2a3f6d8a0bfd95b77a12
Aug-15 15:20:48.709 [Task submitter] INFO  nextflow.Session - [5f/5c0969] Submitted process > GENERATE_TRAIN_CONFIG (mouse-ch_cdr3beta_mhc_0_3)
Aug-15 15:20:48.813 [Task monitor] DEBUG n.processor.TaskPollingMonitor - Task completed > TaskHandler[jobId: 888821; id: 70; name: GENERATE_TRAIN_CONFIG (mouse-ch_cdr3beta_epitope_0_12); status: COMPLETED; exit: 0; error: -; workDir: /home/asmirnov/dissertation_new/PASS/work1/66/b36e9cf7cdafce176472cd697e1bf6 started: 1755260448750; exited: 2025-08-15T12:20:44.088905625Z; ]
Aug-15 15:20:48.840 [Task submitter] DEBUG nextflow.executor.GridTaskHandler - [SLURM] submitted process GENERATE_TRAIN_CONFIG (mouse-u_cdr3beta_mhc_0_12) > jobId: 888851; workDir: /home/asmirnov/dissertation_new/PASS/work1/77/ecd62b34b581b4536db8e9f04e2868
Aug-15 15:20:48.840 [Task submitter] INFO  nextflow.Session - [77/ecd62b] Submitted process > GENERATE_TRAIN_CONFIG (mouse-u_cdr3beta_mhc_0_12)
Aug-15 15:20:48.960 [Task monitor] DEBUG n.processor.TaskPollingMonitor - Task completed > TaskHandler[jobId: 888822; id: 73; name: GENERATE_TRAIN_CONFIG (mouse-ch_cdr3alpha_epitope_0_5); status: COMPLETED; exit: 0; error: -; workDir: /home/asmirnov/dissertation_new/PASS/work1/60/b5c481ebf5a438b0c82d7bdf6e6562 started: 1755260448877; exited: 2025-08-15T12:20:44.47668862Z; ]
Aug-15 15:20:48.990 [Task submitter] DEBUG nextflow.executor.GridTaskHandler - [SLURM] submitted process GENERATE_TRAIN_CONFIG (mouse-ch_cdr3beta_mhc_0_4) > jobId: 888852; workDir: /home/asmirnov/dissertation_new/PASS/work1/97/5381ca93756e780f54d76605d6296b
Aug-15 15:20:48.990 [Task submitter] INFO  nextflow.Session - [97/5381ca] Submitted process > GENERATE_TRAIN_CONFIG (mouse-ch_cdr3beta_mhc_0_4)
Aug-15 15:20:49.350 [Task monitor] DEBUG n.processor.TaskPollingMonitor - Task completed > TaskHandler[jobId: 888823; id: 72; name: GENERATE_TRAIN_CONFIG (mouse-ch_cdr3alpha_epitope_0_4); status: COMPLETED; exit: 0; error: -; workDir: /home/asmirnov/dissertation_new/PASS/work1/84/b405c1e1961a0af8420828c3e7743e started: 1755260449146; exited: 2025-08-15T12:20:44.540688003Z; ]
Aug-15 15:20:49.389 [Task submitter] DEBUG nextflow.executor.GridTaskHandler - [SLURM] submitted process GENERATE_TRAIN_CONFIG (mouse-ch_cdr3beta_mhc_0_5) > jobId: 888853; workDir: /home/asmirnov/dissertation_new/PASS/work1/bc/c6bd0a0ea4c5d7bab8a2b2c9b10170
Aug-15 15:20:49.389 [Task submitter] INFO  nextflow.Session - [bc/c6bd0a] Submitted process > GENERATE_TRAIN_CONFIG (mouse-ch_cdr3beta_mhc_0_5)
Aug-15 15:20:49.615 [Task monitor] DEBUG n.processor.TaskPollingMonitor - Task completed > TaskHandler[jobId: 888824; id: 74; name: GENERATE_TRAIN_CONFIG (mouse-ch_cdr3alpha_epitope_0_6); status: COMPLETED; exit: 0; error: -; workDir: /home/asmirnov/dissertation_new/PASS/work1/5e/04132ef394e32e86d5d749f3c6a314 started: 1755260449415; exited: 2025-08-15T12:20:44.544687964Z; ]
Aug-15 15:20:49.654 [Task submitter] DEBUG nextflow.executor.GridTaskHandler - [SLURM] submitted process GENERATE_TRAIN_CONFIG (mouse-ch_cdr3beta_mhc_0_7) > jobId: 888854; workDir: /home/asmirnov/dissertation_new/PASS/work1/f0/447c601084626c2070aa9270b61636
Aug-15 15:20:49.654 [Task submitter] INFO  nextflow.Session - [f0/447c60] Submitted process > GENERATE_TRAIN_CONFIG (mouse-ch_cdr3beta_mhc_0_7)
Aug-15 15:20:49.733 [Task monitor] DEBUG n.processor.TaskPollingMonitor - Task completed > TaskHandler[jobId: 888825; id: 75; name: GENERATE_TRAIN_CONFIG (mouse-ch_cdr3alpha_epitope_0_7); status: COMPLETED; exit: 0; error: -; workDir: /home/asmirnov/dissertation_new/PASS/work1/07/97351c8a19bf1c6a89f441f7755a47 started: 1755260449668; exited: 2025-08-15T12:20:44.556687849Z; ]
Aug-15 15:20:49.766 [Task submitter] DEBUG nextflow.executor.GridTaskHandler - [SLURM] submitted process GENERATE_TRAIN_CONFIG (mouse-ch_cdr3beta_mhc_0_6) > jobId: 888855; workDir: /home/asmirnov/dissertation_new/PASS/work1/cf/e5b5e556ea7b3707f2b402cd6da1ea
Aug-15 15:20:49.766 [Task submitter] INFO  nextflow.Session - [cf/e5b5e5] Submitted process > GENERATE_TRAIN_CONFIG (mouse-ch_cdr3beta_mhc_0_6)
Aug-15 15:20:49.885 [Task monitor] DEBUG n.processor.TaskPollingMonitor - Task completed > TaskHandler[jobId: 888826; id: 77; name: GENERATE_TRAIN_CONFIG (mouse-ch_cdr3alpha_epitope_0_9); status: COMPLETED; exit: 0; error: -; workDir: /home/asmirnov/dissertation_new/PASS/work1/96/7be85f43a9fc7b411928eed658fc8f started: 1755260449806; exited: 2025-08-15T12:20:44.904684492Z; ]
Aug-15 15:20:49.911 [Task submitter] DEBUG nextflow.executor.GridTaskHandler - [SLURM] submitted process GENERATE_TRAIN_CONFIG (mouse-ch_cdr3beta_mhc_0_8) > jobId: 888856; workDir: /home/asmirnov/dissertation_new/PASS/work1/19/192a6a8e07251e9301824faabca0ba
Aug-15 15:20:49.911 [Task submitter] INFO  nextflow.Session - [19/192a6a] Submitted process > GENERATE_TRAIN_CONFIG (mouse-ch_cdr3beta_mhc_0_8)
Aug-15 15:20:50.156 [Task monitor] DEBUG n.processor.TaskPollingMonitor - Task completed > TaskHandler[jobId: 888827; id: 76; name: GENERATE_TRAIN_CONFIG (mouse-ch_cdr3alpha_epitope_0_8); status: COMPLETED; exit: 0; error: -; workDir: /home/asmirnov/dissertation_new/PASS/work1/9b/c260de480a1d199971e65a16e9fc21 started: 1755260449954; exited: 2025-08-15T12:20:45.523622836Z; ]
Aug-15 15:20:50.185 [Task submitter] DEBUG nextflow.executor.GridTaskHandler - [SLURM] submitted process GENERATE_TRAIN_CONFIG (mouse-ch_cdr3beta_mhc_0_9) > jobId: 888857; workDir: /home/asmirnov/dissertation_new/PASS/work1/20/c55bc347fe9982ae1a0708a40c0ae2
Aug-15 15:20:50.185 [Task submitter] INFO  nextflow.Session - [20/c55bc3] Submitted process > GENERATE_TRAIN_CONFIG (mouse-ch_cdr3beta_mhc_0_9)
Aug-15 15:20:50.310 [Task monitor] DEBUG n.processor.TaskPollingMonitor - Task completed > TaskHandler[jobId: 888828; id: 78; name: GENERATE_TRAIN_CONFIG (mouse-ch_cdr3alpha_epitope_0_10); status: COMPLETED; exit: 0; error: -; workDir: /home/asmirnov/dissertation_new/PASS/work1/06/0fe3739452b22f0f2fdbba03174317 started: 1755260450226; exited: 2025-08-15T12:20:45.531622878Z; ]
Aug-15 15:20:50.336 [Task submitter] DEBUG nextflow.executor.GridTaskHandler - [SLURM] submitted process GENERATE_TRAIN_CONFIG (mouse-ch_cdr3beta_mhc_0_11) > jobId: 888858; workDir: /home/asmirnov/dissertation_new/PASS/work1/2c/d229d3dd6e174405dc62d8b735c472
Aug-15 15:20:50.337 [Task submitter] INFO  nextflow.Session - [2c/d229d3] Submitted process > GENERATE_TRAIN_CONFIG (mouse-ch_cdr3beta_mhc_0_11)
Aug-15 15:20:50.447 [Task monitor] DEBUG n.processor.TaskPollingMonitor - Task completed > TaskHandler[jobId: 888829; id: 79; name: GENERATE_TRAIN_CONFIG (mouse-ch_cdr3alpha_epitope_0_11); status: COMPLETED; exit: 0; error: -; workDir: /home/asmirnov/dissertation_new/PASS/work1/3f/eaa1f4d5f397eeb25645dccaa77868 started: 1755260450368; exited: 2025-08-15T12:20:45.475622582Z; ]
Aug-15 15:20:50.475 [Task submitter] DEBUG nextflow.executor.GridTaskHandler - [SLURM] submitted process GENERATE_TRAIN_CONFIG (mouse-ch_cdr3beta_mhc_0_10) > jobId: 888859; workDir: /home/asmirnov/dissertation_new/PASS/work1/4e/f20381a6fcf6caa33f52a134b2681e
Aug-15 15:20:50.476 [Task submitter] INFO  nextflow.Session - [4e/f20381] Submitted process > GENERATE_TRAIN_CONFIG (mouse-ch_cdr3beta_mhc_0_10)
Aug-15 15:20:50.521 [Task monitor] DEBUG n.processor.TaskPollingMonitor - Task completed > TaskHandler[jobId: 888830; id: 81; name: GENERATE_TRAIN_CONFIG (human-u_cdr3beta_epitope_0_3); status: COMPLETED; exit: 0; error: -; workDir: /home/asmirnov/dissertation_new/PASS/work1/14/bdf67292418df18ef5013630fee056 started: 1755260450450; exited: 2025-08-15T12:20:45.611623301Z; ]
Aug-15 15:20:50.579 [Task submitter] DEBUG nextflow.executor.GridTaskHandler - [SLURM] submitted process GENERATE_TRAIN_CONFIG (mouse-ch_cdr3beta_mhc_0_12) > jobId: 888860; workDir: /home/asmirnov/dissertation_new/PASS/work1/dc/7c559495d7a07b3cf35428ddcf4ab4
Aug-15 15:20:50.579 [Task submitter] INFO  nextflow.Session - [dc/7c5594] Submitted process > GENERATE_TRAIN_CONFIG (mouse-ch_cdr3beta_mhc_0_12)
Aug-15 15:20:50.666 [Task monitor] DEBUG n.processor.TaskPollingMonitor - Task completed > TaskHandler[jobId: 888831; id: 80; name: GENERATE_TRAIN_CONFIG (mouse-ch_cdr3alpha_epitope_0_12); status: COMPLETED; exit: 0; error: -; workDir: /home/asmirnov/dissertation_new/PASS/work1/e2/1d7370044af014c9bc24c4ec9d1537 started: 1755260450584; exited: 2025-08-15T12:20:46.484669253Z; ]
Aug-15 15:20:50.690 [Task submitter] DEBUG nextflow.executor.GridTaskHandler - [SLURM] submitted process GENERATE_TRAIN_CONFIG (mouse-u_cdr3alpha_epitope_0_3) > jobId: 888861; workDir: /home/asmirnov/dissertation_new/PASS/work1/da/d639d64d6599afae6122ee64230538
Aug-15 15:20:50.690 [Task submitter] INFO  nextflow.Session - [da/d639d6] Submitted process > GENERATE_TRAIN_CONFIG (mouse-u_cdr3alpha_epitope_0_3)
Aug-15 15:20:50.924 [Task monitor] DEBUG n.processor.TaskPollingMonitor - Task completed > TaskHandler[jobId: 888832; id: 83; name: GENERATE_TRAIN_CONFIG (human-u_cdr3beta_epitope_0_5); status: COMPLETED; exit: 0; error: -; workDir: /home/asmirnov/dissertation_new/PASS/work1/97/501b3bb588a122a48fad8d5f86b5c9 started: 1755260450717; exited: 2025-08-15T12:20:46.416669909Z; ]
Aug-15 15:20:50.950 [Task submitter] DEBUG nextflow.executor.GridTaskHandler - [SLURM] submitted process GENERATE_TRAIN_CONFIG (mouse-u_cdr3alpha_epitope_0_4) > jobId: 888862; workDir: /home/asmirnov/dissertation_new/PASS/work1/1c/9effc9386bfc731bde8476c201fdba
Aug-15 15:20:50.951 [Task submitter] INFO  nextflow.Session - [1c/9effc9] Submitted process > GENERATE_TRAIN_CONFIG (mouse-u_cdr3alpha_epitope_0_4)
Aug-15 15:20:51.724 [Task monitor] DEBUG n.processor.TaskPollingMonitor - Task completed > TaskHandler[jobId: 888833; id: 82; name: GENERATE_TRAIN_CONFIG (human-u_cdr3beta_epitope_0_4); status: COMPLETED; exit: 0; error: -; workDir: /home/asmirnov/dissertation_new/PASS/work1/31/8caed24eabb43e6d27cdf2c886adbc started: 1755260451661; exited: 2025-08-15T12:20:46.480669292Z; ]
Aug-15 15:20:51.874 [Task submitter] DEBUG nextflow.executor.GridTaskHandler - [SLURM] submitted process GENERATE_TRAIN_CONFIG (mouse-u_cdr3alpha_epitope_0_5) > jobId: 888863; workDir: /home/asmirnov/dissertation_new/PASS/work1/f9/1bb7d8050e995cb96a55693143f22e
Aug-15 15:20:51.874 [Task submitter] INFO  nextflow.Session - [f9/1bb7d8] Submitted process > GENERATE_TRAIN_CONFIG (mouse-u_cdr3alpha_epitope_0_5)
Aug-15 15:20:52.026 [Task monitor] DEBUG n.processor.TaskPollingMonitor - Task completed > TaskHandler[jobId: 888834; id: 85; name: GENERATE_TRAIN_CONFIG (human-u_cdr3beta_epitope_0_7); status: COMPLETED; exit: 0; error: -; workDir: /home/asmirnov/dissertation_new/PASS/work1/d3/9c3f780efc1fe352d19c4ffc7b5bde started: 1755260451920; exited: 2025-08-15T12:20:46.484669253Z; ]
Aug-15 15:20:52.060 [Task submitter] DEBUG nextflow.executor.GridTaskHandler - [SLURM] submitted process GENERATE_TRAIN_CONFIG (mouse-u_cdr3alpha_epitope_0_7) > jobId: 888864; workDir: /home/asmirnov/dissertation_new/PASS/work1/ee/753e60b9389e4097f5065c66c4bc21
Aug-15 15:20:52.060 [Task submitter] INFO  nextflow.Session - [ee/753e60] Submitted process > GENERATE_TRAIN_CONFIG (mouse-u_cdr3alpha_epitope_0_7)
Aug-15 15:20:52.168 [Task monitor] DEBUG n.processor.TaskPollingMonitor - Task completed > TaskHandler[jobId: 888835; id: 84; name: GENERATE_TRAIN_CONFIG (human-u_cdr3beta_epitope_0_6); status: COMPLETED; exit: 0; error: -; workDir: /home/asmirnov/dissertation_new/PASS/work1/11/5c3d18c6053b7bdc9fec02c3bbc9d9 started: 1755260452094; exited: 2025-08-15T12:20:48.067636291Z; ]
Aug-15 15:20:52.205 [Task submitter] DEBUG nextflow.executor.GridTaskHandler - [SLURM] submitted process GENERATE_TRAIN_CONFIG (mouse-u_cdr3alpha_epitope_0_8) > jobId: 888865; workDir: /home/asmirnov/dissertation_new/PASS/work1/b6/a2cac80bb65fc5192bacbe8c41cb19
Aug-15 15:20:52.205 [Task submitter] INFO  nextflow.Session - [b6/a2cac8] Submitted process > GENERATE_TRAIN_CONFIG (mouse-u_cdr3alpha_epitope_0_8)
Aug-15 15:20:52.307 [Task monitor] DEBUG n.processor.TaskPollingMonitor - Task completed > TaskHandler[jobId: 888836; id: 86; name: GENERATE_TRAIN_CONFIG (human-u_cdr3beta_epitope_0_8); status: COMPLETED; exit: 0; error: -; workDir: /home/asmirnov/dissertation_new/PASS/work1/b6/19f578f5e9db4dbb194d082311d590 started: 1755260452237; exited: 2025-08-15T12:20:48.067636291Z; ]
Aug-15 15:20:52.339 [Task submitter] DEBUG nextflow.executor.GridTaskHandler - [SLURM] submitted process GENERATE_TRAIN_CONFIG (mouse-u_cdr3alpha_epitope_0_6) > jobId: 888866; workDir: /home/asmirnov/dissertation_new/PASS/work1/c4/761197ef36e28bf7ca468d824fd5ce
Aug-15 15:20:52.340 [Task submitter] INFO  nextflow.Session - [c4/761197] Submitted process > GENERATE_TRAIN_CONFIG (mouse-u_cdr3alpha_epitope_0_6)
Aug-15 15:20:52.901 [Task monitor] DEBUG n.processor.TaskPollingMonitor - Task completed > TaskHandler[jobId: 888837; id: 87; name: GENERATE_TRAIN_CONFIG (human-u_cdr3beta_epitope_0_9); status: COMPLETED; exit: 0; error: -; workDir: /home/asmirnov/dissertation_new/PASS/work1/5d/eb9faba01f2f2a2dfab28759519a9b started: 1755260452641; exited: 2025-08-15T12:20:48.067636291Z; ]
Aug-15 15:20:52.986 [Task submitter] DEBUG nextflow.executor.GridTaskHandler - [SLURM] submitted process GENERATE_TRAIN_CONFIG (mouse-u_cdr3alpha_epitope_0_9) > jobId: 888867; workDir: /home/asmirnov/dissertation_new/PASS/work1/a4/bec5b115fd95f8989340c658e57eed
Aug-15 15:20:52.986 [Task submitter] INFO  nextflow.Session - [a4/bec5b1] Submitted process > GENERATE_TRAIN_CONFIG (mouse-u_cdr3alpha_epitope_0_9)
Aug-15 15:20:53.347 [Task monitor] DEBUG n.processor.TaskPollingMonitor - Task completed > TaskHandler[jobId: 888838; id: 88; name: GENERATE_TRAIN_CONFIG (human-u_cdr3beta_epitope_0_10); status: COMPLETED; exit: 0; error: -; workDir: /home/asmirnov/dissertation_new/PASS/work1/25/47d467db816ab1bf804c35e0b8af76 started: 1755260453153; exited: 2025-08-15T12:20:48.103636482Z; ]
Aug-15 15:20:53.379 [Task submitter] DEBUG nextflow.executor.GridTaskHandler - [SLURM] submitted process GENERATE_TRAIN_CONFIG (mouse-u_cdr3alpha_epitope_0_10) > jobId: 888868; workDir: /home/asmirnov/dissertation_new/PASS/work1/02/c665ad4efbae9504cd3dfe3269a865
Aug-15 15:20:53.379 [Task submitter] INFO  nextflow.Session - [02/c665ad] Submitted process > GENERATE_TRAIN_CONFIG (mouse-u_cdr3alpha_epitope_0_10)
Aug-15 15:20:53.483 [Task monitor] DEBUG n.processor.TaskPollingMonitor - Task completed > TaskHandler[jobId: 888839; id: 89; name: GENERATE_TRAIN_CONFIG (human-u_cdr3beta_epitope_0_11); status: COMPLETED; exit: 0; error: -; workDir: /home/asmirnov/dissertation_new/PASS/work1/b5/94682a58c965fbefecf0d2102d8320 started: 1755260453414; exited: 2025-08-15T12:20:48.063636269Z; ]
Aug-15 15:20:53.513 [Task submitter] DEBUG nextflow.executor.GridTaskHandler - [SLURM] submitted process GENERATE_TRAIN_CONFIG (mouse-u_cdr3alpha_epitope_0_12) > jobId: 888869; workDir: /home/asmirnov/dissertation_new/PASS/work1/e1/b8069883cde48fa20e764f2fbf0dac
Aug-15 15:20:53.513 [Task submitter] INFO  nextflow.Session - [e1/b80698] Submitted process > GENERATE_TRAIN_CONFIG (mouse-u_cdr3alpha_epitope_0_12)
Aug-15 15:20:53.605 [Task monitor] DEBUG n.processor.TaskPollingMonitor - Task completed > TaskHandler[jobId: 888840; id: 90; name: GENERATE_TRAIN_CONFIG (human-u_cdr3beta_epitope_0_12); status: COMPLETED; exit: 0; error: -; workDir: /home/asmirnov/dissertation_new/PASS/work1/88/40f94138fa8c89383d914d31d32cd7 started: 1755260453537; exited: 2025-08-15T12:20:48.067636291Z; ]
Aug-15 15:20:53.632 [Task submitter] DEBUG nextflow.executor.GridTaskHandler - [SLURM] submitted process GENERATE_TRAIN_CONFIG (mouse-u_cdr3alpha_epitope_0_11) > jobId: 888870; workDir: /home/asmirnov/dissertation_new/PASS/work1/f9/ba08dbaf5188b17c39249bd5921e77
Aug-15 15:20:53.632 [Task submitter] INFO  nextflow.Session - [f9/ba08db] Submitted process > GENERATE_TRAIN_CONFIG (mouse-u_cdr3alpha_epitope_0_11)
Aug-15 15:20:53.677 [Task monitor] DEBUG n.processor.TaskPollingMonitor - Task completed > TaskHandler[jobId: 888841; id: 91; name: GENERATE_TRAIN_CONFIG (mouse-u_cdr3beta_mhc_0_3); status: COMPLETED; exit: 0; error: -; workDir: /home/asmirnov/dissertation_new/PASS/work1/2a/547b621f4b7392c39cc2ed43cea692 started: 1755260453607; exited: 2025-08-15T12:20:47.995635911Z; ]
Aug-15 15:20:53.720 [Task submitter] DEBUG nextflow.executor.GridTaskHandler - [SLURM] submitted process GENERATE_TRAIN_CONFIG (human-u_cdr3alpha_epitope_0_4) > jobId: 888871; workDir: /home/asmirnov/dissertation_new/PASS/work1/1b/bcce9c06d50180f610be6c8831a5dc
Aug-15 15:20:53.720 [Task submitter] INFO  nextflow.Session - [1b/bcce9c] Submitted process > GENERATE_TRAIN_CONFIG (human-u_cdr3alpha_epitope_0_4)
Aug-15 15:20:53.894 [Task monitor] DEBUG n.processor.TaskPollingMonitor - Task completed > TaskHandler[jobId: 888842; id: 92; name: GENERATE_TRAIN_CONFIG (mouse-u_cdr3beta_mhc_0_4); status: COMPLETED; exit: 0; error: -; workDir: /home/asmirnov/dissertation_new/PASS/work1/16/f6920a68572762e00cc6623dc9d660 started: 1755260453741; exited: 2025-08-15T12:20:48.89564067Z; ]
Aug-15 15:20:53.922 [Task submitter] DEBUG nextflow.executor.GridTaskHandler - [SLURM] submitted process GENERATE_TRAIN_CONFIG (human-u_cdr3alpha_epitope_0_5) > jobId: 888872; workDir: /home/asmirnov/dissertation_new/PASS/work1/6a/f870d37734cbef32f2083da3237451
Aug-15 15:20:53.922 [Task submitter] INFO  nextflow.Session - [6a/f870d3] Submitted process > GENERATE_TRAIN_CONFIG (human-u_cdr3alpha_epitope_0_5)
Aug-15 15:20:54.339 [Task monitor] DEBUG n.processor.TaskPollingMonitor - Task completed > TaskHandler[jobId: 888843; id: 93; name: GENERATE_TRAIN_CONFIG (mouse-u_cdr3beta_mhc_0_5); status: COMPLETED; exit: 0; error: -; workDir: /home/asmirnov/dissertation_new/PASS/work1/52/4ae7cddabc55d80a412dec33e1c725 started: 1755260454202; exited: 2025-08-15T12:20:48.923640819Z; ]
Aug-15 15:20:54.371 [Task submitter] DEBUG nextflow.executor.GridTaskHandler - [SLURM] submitted process GENERATE_TRAIN_CONFIG (human-u_cdr3alpha_epitope_0_3) > jobId: 888873; workDir: /home/asmirnov/dissertation_new/PASS/work1/98/d235b7c89d03408189d2d1b72cbf99
Aug-15 15:20:54.371 [Task submitter] INFO  nextflow.Session - [98/d235b7] Submitted process > GENERATE_TRAIN_CONFIG (human-u_cdr3alpha_epitope_0_3)
Aug-15 15:20:54.441 [Task monitor] DEBUG n.processor.TaskPollingMonitor - Task completed > TaskHandler[jobId: 888844; id: 94; name: GENERATE_TRAIN_CONFIG (mouse-u_cdr3beta_mhc_0_6); status: COMPLETED; exit: 0; error: -; workDir: /home/asmirnov/dissertation_new/PASS/work1/d9/fc724df75e58566c1438edce9f260d started: 1755260454376; exited: 2025-08-15T12:20:48.89564067Z; ]
Aug-15 15:20:54.470 [Task submitter] DEBUG nextflow.executor.GridTaskHandler - [SLURM] submitted process GENERATE_TRAIN_CONFIG (human-u_cdr3alpha_epitope_0_7) > jobId: 888874; workDir: /home/asmirnov/dissertation_new/PASS/work1/39/69ee705709fbe5d8e54413c87b072d
Aug-15 15:20:54.471 [Task submitter] INFO  nextflow.Session - [39/69ee70] Submitted process > GENERATE_TRAIN_CONFIG (human-u_cdr3alpha_epitope_0_7)
Aug-15 15:20:54.508 [Task monitor] DEBUG n.processor.TaskPollingMonitor - Task completed > TaskHandler[jobId: 888845; id: 95; name: GENERATE_TRAIN_CONFIG (mouse-u_cdr3beta_mhc_0_7); status: COMPLETED; exit: 0; error: -; workDir: /home/asmirnov/dissertation_new/PASS/work1/bb/534d22e7109b4fb170d3ca8ce3f103 started: 1755260454444; exited: 2025-08-15T12:20:48.923640819Z; ]
Aug-15 15:20:54.549 [Task submitter] DEBUG nextflow.executor.GridTaskHandler - [SLURM] submitted process GENERATE_TRAIN_CONFIG (human-u_cdr3alpha_epitope_0_6) > jobId: 888875; workDir: /home/asmirnov/dissertation_new/PASS/work1/73/4e764be135fe2b2e5aa66a3714b4c6
Aug-15 15:20:54.549 [Task submitter] INFO  nextflow.Session - [73/4e764b] Submitted process > GENERATE_TRAIN_CONFIG (human-u_cdr3alpha_epitope_0_6)
Aug-15 15:20:54.582 [Task monitor] DEBUG n.processor.TaskPollingMonitor - Task completed > TaskHandler[jobId: 888846; id: 97; name: GENERATE_TRAIN_CONFIG (mouse-u_cdr3beta_mhc_0_9); status: COMPLETED; exit: 0; error: -; workDir: /home/asmirnov/dissertation_new/PASS/work1/fd/7ff31952c1834173e4fad34b5d64e7 started: 1755260454510; exited: 2025-08-15T12:20:48.892646029Z; ]
Aug-15 15:20:54.613 [Task submitter] DEBUG nextflow.executor.GridTaskHandler - [SLURM] submitted process GENERATE_TRAIN_CONFIG (human-u_cdr3alpha_epitope_0_8) > jobId: 888876; workDir: /home/asmirnov/dissertation_new/PASS/work1/b7/6ce82447124d2307adc1c49b64d354
Aug-15 15:20:54.613 [Task submitter] INFO  nextflow.Session - [b7/6ce824] Submitted process > GENERATE_TRAIN_CONFIG (human-u_cdr3alpha_epitope_0_8)
Aug-15 15:20:54.713 [Task monitor] DEBUG n.processor.TaskPollingMonitor - Task completed > TaskHandler[jobId: 888847; id: 96; name: GENERATE_TRAIN_CONFIG (mouse-u_cdr3beta_mhc_0_8); status: COMPLETED; exit: 0; error: -; workDir: /home/asmirnov/dissertation_new/PASS/work1/69/a225fd63904bf2d29703c5fb427b30 started: 1755260454640; exited: 2025-08-15T12:20:49.164643405Z; ]
Aug-15 15:20:54.872 [Task submitter] DEBUG nextflow.executor.GridTaskHandler - [SLURM] submitted process GENERATE_TRAIN_CONFIG (human-u_cdr3alpha_epitope_0_9) > jobId: 888877; workDir: /home/asmirnov/dissertation_new/PASS/work1/51/9eb0ef360e8e4bbd3b48bf1a76ee15
Aug-15 15:20:54.872 [Task submitter] INFO  nextflow.Session - [51/9eb0ef] Submitted process > GENERATE_TRAIN_CONFIG (human-u_cdr3alpha_epitope_0_9)
Aug-15 15:20:54.958 [Task monitor] DEBUG n.processor.TaskPollingMonitor - Task completed > TaskHandler[jobId: 888848; id: 99; name: GENERATE_TRAIN_CONFIG (mouse-u_cdr3beta_mhc_0_11); status: COMPLETED; exit: 0; error: -; workDir: /home/asmirnov/dissertation_new/PASS/work1/6b/8dce8cb967d769188d5b6327cd9dd4 started: 1755260454722; exited: 2025-08-15T12:20:49.840785633Z; ]
Aug-15 15:20:55.029 [Task monitor] DEBUG n.processor.TaskPollingMonitor - Task completed > TaskHandler[jobId: 888849; id: 98; name: GENERATE_TRAIN_CONFIG (mouse-u_cdr3beta_mhc_0_10); status: COMPLETED; exit: 0; error: -; workDir: /home/asmirnov/dissertation_new/PASS/work1/94/09e6d987cbd07626ea920010acee2f started: 1755260454962; exited: 2025-08-15T12:20:49.92478388Z; ]
Aug-15 15:20:55.045 [Task submitter] DEBUG nextflow.executor.GridTaskHandler - [SLURM] submitted process GENERATE_TRAIN_CONFIG (human-u_cdr3alpha_epitope_0_11) > jobId: 888878; workDir: /home/asmirnov/dissertation_new/PASS/work1/e9/ccfeb05ff4ee425e54799dd7a93030
Aug-15 15:20:55.045 [Task submitter] INFO  nextflow.Session - [e9/ccfeb0] Submitted process > GENERATE_TRAIN_CONFIG (human-u_cdr3alpha_epitope_0_11)
Aug-15 15:20:55.069 [Task submitter] DEBUG nextflow.executor.GridTaskHandler - [SLURM] submitted process GENERATE_TRAIN_CONFIG (human-u_cdr3alpha_epitope_0_10) > jobId: 888879; workDir: /home/asmirnov/dissertation_new/PASS/work1/6f/0bd96d43ccbd44a5011241cf2e8af6
Aug-15 15:20:55.069 [Task submitter] INFO  nextflow.Session - [6f/0bd96d] Submitted process > GENERATE_TRAIN_CONFIG (human-u_cdr3alpha_epitope_0_10)
Aug-15 15:20:55.193 [Task monitor] DEBUG n.processor.TaskPollingMonitor - Task completed > TaskHandler[jobId: 888850; id: 101; name: GENERATE_TRAIN_CONFIG (mouse-ch_cdr3beta_mhc_0_3); status: COMPLETED; exit: 0; error: -; workDir: /home/asmirnov/dissertation_new/PASS/work1/5f/5c0969404b2a3f6d8a0bfd95b77a12 started: 1755260455096; exited: 2025-08-15T12:20:49.840785633Z; ]
Aug-15 15:20:55.219 [Task submitter] DEBUG nextflow.executor.GridTaskHandler - [SLURM] submitted process GENERATE_TRAIN_CONFIG (human-ch_cdr3alpha_epitope_0_3) > jobId: 888880; workDir: /home/asmirnov/dissertation_new/PASS/work1/65/d925c9fe873a11861d7170cb5a6faf
Aug-15 15:20:55.220 [Task submitter] INFO  nextflow.Session - [65/d925c9] Submitted process > GENERATE_TRAIN_CONFIG (human-ch_cdr3alpha_epitope_0_3)
Aug-15 15:20:55.437 [Task monitor] DEBUG n.processor.TaskPollingMonitor - Task completed > TaskHandler[jobId: 888851; id: 100; name: GENERATE_TRAIN_CONFIG (mouse-u_cdr3beta_mhc_0_12); status: COMPLETED; exit: 0; error: -; workDir: /home/asmirnov/dissertation_new/PASS/work1/77/ecd62b34b581b4536db8e9f04e2868 started: 1755260455193; exited: 2025-08-15T12:20:49.912784131Z; ]
Aug-15 15:20:55.461 [Task monitor] DEBUG n.processor.TaskPollingMonitor - Task completed > TaskHandler[jobId: 888852; id: 102; name: GENERATE_TRAIN_CONFIG (mouse-ch_cdr3beta_mhc_0_4); status: COMPLETED; exit: 0; error: -; workDir: /home/asmirnov/dissertation_new/PASS/work1/97/5381ca93756e780f54d76605d6296b started: 1755260455439; exited: 2025-08-15T12:20:49.932783713Z; ]
Aug-15 15:20:55.481 [Task submitter] DEBUG nextflow.executor.GridTaskHandler - [SLURM] submitted process GENERATE_TRAIN_CONFIG (human-u_cdr3alpha_epitope_0_12) > jobId: 888881; workDir: /home/asmirnov/dissertation_new/PASS/work1/9f/34f74b1ffb3595a6299f0cc18ab974
Aug-15 15:20:55.481 [Task submitter] INFO  nextflow.Session - [9f/34f74b] Submitted process > GENERATE_TRAIN_CONFIG (human-u_cdr3alpha_epitope_0_12)
Aug-15 15:20:55.504 [Task submitter] DEBUG nextflow.executor.GridTaskHandler - [SLURM] submitted process GENERATE_TRAIN_CONFIG (human-ch_cdr3alpha_epitope_0_4) > jobId: 888882; workDir: /home/asmirnov/dissertation_new/PASS/work1/d3/171b682270dcaedccdce8be81d85bc
Aug-15 15:20:55.504 [Task submitter] INFO  nextflow.Session - [d3/171b68] Submitted process > GENERATE_TRAIN_CONFIG (human-ch_cdr3alpha_epitope_0_4)
Aug-15 15:20:55.517 [Task monitor] DEBUG n.processor.TaskPollingMonitor - Task completed > TaskHandler[jobId: 888853; id: 103; name: GENERATE_TRAIN_CONFIG (mouse-ch_cdr3beta_mhc_0_5); status: COMPLETED; exit: 0; error: -; workDir: /home/asmirnov/dissertation_new/PASS/work1/bc/c6bd0a0ea4c5d7bab8a2b2c9b10170 started: 1755260455462; exited: 2025-08-15T12:20:50.579649577Z; ]
Aug-15 15:20:55.542 [Task submitter] DEBUG nextflow.executor.GridTaskHandler - [SLURM] submitted process GENERATE_TRAIN_CONFIG (human-ch_cdr3alpha_epitope_0_5) > jobId: 888883; workDir: /home/asmirnov/dissertation_new/PASS/work1/f5/ba82606b2583f349f770256de3adfa
Aug-15 15:20:55.543 [Task submitter] INFO  nextflow.Session - [f5/ba8260] Submitted process > GENERATE_TRAIN_CONFIG (human-ch_cdr3alpha_epitope_0_5)
Aug-15 15:20:55.747 [Task monitor] DEBUG n.processor.TaskPollingMonitor - Task completed > TaskHandler[jobId: 888854; id: 105; name: GENERATE_TRAIN_CONFIG (mouse-ch_cdr3beta_mhc_0_7); status: COMPLETED; exit: 0; error: -; workDir: /home/asmirnov/dissertation_new/PASS/work1/f0/447c601084626c2070aa9270b61636 started: 1755260455518; exited: 2025-08-15T12:20:50.647649935Z; ]
Aug-15 15:20:55.781 [Task submitter] DEBUG nextflow.executor.GridTaskHandler - [SLURM] submitted process GENERATE_TRAIN_CONFIG (human-ch_cdr3alpha_epitope_0_7) > jobId: 888884; workDir: /home/asmirnov/dissertation_new/PASS/work1/d1/7b6197616986fefd76a10dfb84d95a
Aug-15 15:20:55.781 [Task submitter] INFO  nextflow.Session - [d1/7b6197] Submitted process > GENERATE_TRAIN_CONFIG (human-ch_cdr3alpha_epitope_0_7)
Aug-15 15:20:55.883 [Task monitor] DEBUG n.processor.TaskPollingMonitor - Task completed > TaskHandler[jobId: 888855; id: 104; name: GENERATE_TRAIN_CONFIG (mouse-ch_cdr3beta_mhc_0_6); status: COMPLETED; exit: 0; error: -; workDir: /home/asmirnov/dissertation_new/PASS/work1/cf/e5b5e556ea7b3707f2b402cd6da1ea started: 1755260455754; exited: 2025-08-15T12:20:50.643649915Z; ]
Aug-15 15:20:55.915 [Task submitter] DEBUG nextflow.executor.GridTaskHandler - [SLURM] submitted process GENERATE_TRAIN_CONFIG (human-ch_cdr3alpha_epitope_0_6) > jobId: 888885; workDir: /home/asmirnov/dissertation_new/PASS/work1/ca/bc0208928f401a021d888fedce847a
Aug-15 15:20:55.915 [Task submitter] INFO  nextflow.Session - [ca/bc0208] Submitted process > GENERATE_TRAIN_CONFIG (human-ch_cdr3alpha_epitope_0_6)
Aug-15 15:20:55.927 [Task monitor] DEBUG n.processor.TaskPollingMonitor - Task completed > TaskHandler[jobId: 888856; id: 106; name: GENERATE_TRAIN_CONFIG (mouse-ch_cdr3beta_mhc_0_8); status: COMPLETED; exit: 0; error: -; workDir: /home/asmirnov/dissertation_new/PASS/work1/19/192a6a8e07251e9301824faabca0ba started: 1755260455885; exited: 2025-08-15T12:20:50.647649935Z; ]
Aug-15 15:20:56.078 [Task submitter] DEBUG nextflow.executor.GridTaskHandler - [SLURM] submitted process GENERATE_TRAIN_CONFIG (human-ch_cdr3alpha_epitope_0_9) > jobId: 888886; workDir: /home/asmirnov/dissertation_new/PASS/work1/ef/f54e9735ca5abad36fd76cc3a9c4a5
Aug-15 15:20:56.078 [Task submitter] INFO  nextflow.Session - [ef/f54e97] Submitted process > GENERATE_TRAIN_CONFIG (human-ch_cdr3alpha_epitope_0_9)
Aug-15 15:20:56.224 [Task monitor] DEBUG n.processor.TaskPollingMonitor - Task completed > TaskHandler[jobId: 888857; id: 107; name: GENERATE_TRAIN_CONFIG (mouse-ch_cdr3beta_mhc_0_9); status: COMPLETED; exit: 0; error: -; workDir: /home/asmirnov/dissertation_new/PASS/work1/20/c55bc347fe9982ae1a0708a40c0ae2 started: 1755260456161; exited: 2025-08-15T12:20:52.256613584Z; ]
Aug-15 15:20:56.263 [Task submitter] DEBUG nextflow.executor.GridTaskHandler - [SLURM] submitted process GENERATE_TRAIN_CONFIG (human-ch_cdr3alpha_epitope_0_10) > jobId: 888887; workDir: /home/asmirnov/dissertation_new/PASS/work1/f4/dffce98541ed2247be31b02186e653
Aug-15 15:20:56.263 [Task submitter] INFO  nextflow.Session - [f4/dffce9] Submitted process > GENERATE_TRAIN_CONFIG (human-ch_cdr3alpha_epitope_0_10)
Aug-15 15:20:56.385 [Task monitor] DEBUG n.processor.TaskPollingMonitor - Task completed > TaskHandler[jobId: 888858; id: 109; name: GENERATE_TRAIN_CONFIG (mouse-ch_cdr3beta_mhc_0_11); status: COMPLETED; exit: 0; error: -; workDir: /home/asmirnov/dissertation_new/PASS/work1/2c/d229d3dd6e174405dc62d8b735c472 started: 1755260456286; exited: 2025-08-15T12:20:52.292613237Z; ]
Aug-15 15:20:56.416 [Task submitter] DEBUG nextflow.executor.GridTaskHandler - [SLURM] submitted process GENERATE_TRAIN_CONFIG (human-ch_cdr3alpha_epitope_0_8) > jobId: 888888; workDir: /home/asmirnov/dissertation_new/PASS/work1/6d/a69ef9bf17c1347a69a5bd1608ba3f
Aug-15 15:20:56.416 [Task submitter] INFO  nextflow.Session - [6d/a69ef9] Submitted process > GENERATE_TRAIN_CONFIG (human-ch_cdr3alpha_epitope_0_8)
Aug-15 15:20:56.491 [Task monitor] DEBUG n.processor.TaskPollingMonitor - Task completed > TaskHandler[jobId: 888859; id: 108; name: GENERATE_TRAIN_CONFIG (mouse-ch_cdr3beta_mhc_0_10); status: COMPLETED; exit: 0; error: -; workDir: /home/asmirnov/dissertation_new/PASS/work1/4e/f20381a6fcf6caa33f52a134b2681e started: 1755260456419; exited: 2025-08-15T12:20:52.480611423Z; ]
Aug-15 15:20:56.520 [Task submitter] DEBUG nextflow.executor.GridTaskHandler - [SLURM] submitted process GENERATE_TRAIN_CONFIG (human-ch_cdr3alpha_epitope_0_11) > jobId: 888889; workDir: /home/asmirnov/dissertation_new/PASS/work1/89/d6e66a5697a721d9e9af2bddc68522
Aug-15 15:20:56.521 [Task submitter] INFO  nextflow.Session - [89/d6e66a] Submitted process > GENERATE_TRAIN_CONFIG (human-ch_cdr3alpha_epitope_0_11)
Aug-15 15:20:56.636 [Task monitor] DEBUG n.processor.TaskPollingMonitor - Task completed > TaskHandler[jobId: 888860; id: 110; name: GENERATE_TRAIN_CONFIG (mouse-ch_cdr3beta_mhc_0_12); status: COMPLETED; exit: 0; error: -; workDir: /home/asmirnov/dissertation_new/PASS/work1/dc/7c559495d7a07b3cf35428ddcf4ab4 started: 1755260456550; exited: 2025-08-15T12:20:52.256613584Z; ]
Aug-15 15:20:56.927 [Task submitter] DEBUG nextflow.executor.GridTaskHandler - [SLURM] submitted process GENERATE_TRAIN_CONFIG (human-ch_cdr3alpha_epitope_0_12) > jobId: 888890; workDir: /home/asmirnov/dissertation_new/PASS/work1/2a/5466acc996f2305dd6459c49a3b709
Aug-15 15:20:56.927 [Task submitter] INFO  nextflow.Session - [2a/5466ac] Submitted process > GENERATE_TRAIN_CONFIG (human-ch_cdr3alpha_epitope_0_12)
Aug-15 15:20:58.011 [Task monitor] DEBUG n.processor.TaskPollingMonitor - Task completed > TaskHandler[jobId: 888861; id: 111; name: GENERATE_TRAIN_CONFIG (mouse-u_cdr3alpha_epitope_0_3); status: COMPLETED; exit: 0; error: -; workDir: /home/asmirnov/dissertation_new/PASS/work1/da/d639d64d6599afae6122ee64230538 started: 1755260457092; exited: 2025-08-15T12:20:52.324612928Z; ]
Aug-15 15:20:58.058 [Task submitter] DEBUG nextflow.executor.GridTaskHandler - [SLURM] submitted process GENERATE_TRAIN_CONFIG (human-ch_cdr3beta_epitope_0_4) > jobId: 888891; workDir: /home/asmirnov/dissertation_new/PASS/work1/07/75b42c59816e41f630e4dcb3cdb907
Aug-15 15:20:58.058 [Task submitter] INFO  nextflow.Session - [07/75b42c] Submitted process > GENERATE_TRAIN_CONFIG (human-ch_cdr3beta_epitope_0_4)
Aug-15 15:20:58.285 [Task monitor] DEBUG n.processor.TaskPollingMonitor - Task completed > TaskHandler[jobId: 888862; id: 112; name: GENERATE_TRAIN_CONFIG (mouse-u_cdr3alpha_epitope_0_4); status: COMPLETED; exit: 0; error: -; workDir: /home/asmirnov/dissertation_new/PASS/work1/1c/9effc9386bfc731bde8476c201fdba started: 1755260458206; exited: 2025-08-15T12:20:53.675665949Z; ]
Aug-15 15:20:58.431 [Task submitter] DEBUG nextflow.executor.GridTaskHandler - [SLURM] submitted process GENERATE_TRAIN_CONFIG (human-ch_cdr3beta_epitope_0_5) > jobId: 888892; workDir: /home/asmirnov/dissertation_new/PASS/work1/b5/396377104b1f890152ef81b1aaa64a
Aug-15 15:20:58.431 [Task submitter] INFO  nextflow.Session - [b5/396377] Submitted process > GENERATE_TRAIN_CONFIG (human-ch_cdr3beta_epitope_0_5)
Aug-15 15:20:58.582 [Task monitor] DEBUG n.processor.TaskPollingMonitor - Task completed > TaskHandler[jobId: 888863; id: 113; name: GENERATE_TRAIN_CONFIG (mouse-u_cdr3alpha_epitope_0_5); status: COMPLETED; exit: 0; error: -; workDir: /home/asmirnov/dissertation_new/PASS/work1/f9/1bb7d8050e995cb96a55693143f22e started: 1755260458471; exited: 2025-08-15T12:20:53.623665675Z; ]
Aug-15 15:20:58.610 [Task submitter] DEBUG nextflow.executor.GridTaskHandler - [SLURM] submitted process GENERATE_TRAIN_CONFIG (human-ch_cdr3beta_epitope_0_3) > jobId: 888893; workDir: /home/asmirnov/dissertation_new/PASS/work1/91/74ab88cb4375c140aefe577a865bc0
Aug-15 15:20:58.610 [Task submitter] INFO  nextflow.Session - [91/74ab88] Submitted process > GENERATE_TRAIN_CONFIG (human-ch_cdr3beta_epitope_0_3)
Aug-15 15:20:58.771 [Task monitor] DEBUG n.processor.TaskPollingMonitor - Task completed > TaskHandler[jobId: 888864; id: 115; name: GENERATE_TRAIN_CONFIG (mouse-u_cdr3alpha_epitope_0_7); status: COMPLETED; exit: 0; error: -; workDir: /home/asmirnov/dissertation_new/PASS/work1/ee/753e60b9389e4097f5065c66c4bc21 started: 1755260458693; exited: 2025-08-15T12:20:53.623665675Z; ]
Aug-15 15:20:58.797 [Task submitter] DEBUG nextflow.executor.GridTaskHandler - [SLURM] submitted process GENERATE_TRAIN_CONFIG (human-ch_cdr3beta_epitope_0_6) > jobId: 888894; workDir: /home/asmirnov/dissertation_new/PASS/work1/3c/899ccb4b5273110596d5eb67657815
Aug-15 15:20:58.797 [Task submitter] INFO  nextflow.Session - [3c/899ccb] Submitted process > GENERATE_TRAIN_CONFIG (human-ch_cdr3beta_epitope_0_6)
Aug-15 15:20:59.061 [Task monitor] DEBUG n.processor.TaskPollingMonitor - Task completed > TaskHandler[jobId: 888865; id: 116; name: GENERATE_TRAIN_CONFIG (mouse-u_cdr3alpha_epitope_0_8); status: COMPLETED; exit: 0; error: -; workDir: /home/asmirnov/dissertation_new/PASS/work1/b6/a2cac80bb65fc5192bacbe8c41cb19 started: 1755260458837; exited: 2025-08-15T12:20:53.623665675Z; ]
Aug-15 15:20:59.091 [Task submitter] DEBUG nextflow.executor.GridTaskHandler - [SLURM] submitted process GENERATE_TRAIN_CONFIG (human-ch_cdr3beta_epitope_0_7) > jobId: 888895; workDir: /home/asmirnov/dissertation_new/PASS/work1/10/844ddc0b5fc726937cd8f805fac3f7
Aug-15 15:20:59.091 [Task submitter] INFO  nextflow.Session - [10/844ddc] Submitted process > GENERATE_TRAIN_CONFIG (human-ch_cdr3beta_epitope_0_7)
Aug-15 15:20:59.406 [Task monitor] DEBUG n.processor.TaskPollingMonitor - Task completed > TaskHandler[jobId: 888866; id: 114; name: GENERATE_TRAIN_CONFIG (mouse-u_cdr3alpha_epitope_0_6); status: COMPLETED; exit: 0; error: -; workDir: /home/asmirnov/dissertation_new/PASS/work1/c4/761197ef36e28bf7ca468d824fd5ce started: 1755260459194; exited: 2025-08-15T12:20:53.675665949Z; ]
Aug-15 15:20:59.476 [Task submitter] DEBUG nextflow.executor.GridTaskHandler - [SLURM] submitted process GENERATE_TRAIN_CONFIG (human-ch_cdr3beta_epitope_0_8) > jobId: 888896; workDir: /home/asmirnov/dissertation_new/PASS/work1/61/7a6e1ba124d88c7af290dc09c8ebc4
Aug-15 15:20:59.476 [Task submitter] INFO  nextflow.Session - [61/7a6e1b] Submitted process > GENERATE_TRAIN_CONFIG (human-ch_cdr3beta_epitope_0_8)
Aug-15 15:20:59.590 [Task monitor] DEBUG n.processor.TaskPollingMonitor - Task completed > TaskHandler[jobId: 888867; id: 117; name: GENERATE_TRAIN_CONFIG (mouse-u_cdr3alpha_epitope_0_9); status: COMPLETED; exit: 0; error: -; workDir: /home/asmirnov/dissertation_new/PASS/work1/a4/bec5b115fd95f8989340c658e57eed started: 1755260459511; exited: 2025-08-15T12:20:53.911667198Z; ]
Aug-15 15:20:59.616 [Task submitter] DEBUG nextflow.executor.GridTaskHandler - [SLURM] submitted process GENERATE_TRAIN_CONFIG (human-ch_cdr3beta_epitope_0_9) > jobId: 888897; workDir: /home/asmirnov/dissertation_new/PASS/work1/7a/e2dc8995066682a63a72e411c62f57
Aug-15 15:20:59.616 [Task submitter] INFO  nextflow.Session - [7a/e2dc89] Submitted process > GENERATE_TRAIN_CONFIG (human-ch_cdr3beta_epitope_0_9)
Aug-15 15:20:59.645 [Task monitor] DEBUG n.processor.TaskPollingMonitor - Task completed > TaskHandler[jobId: 888868; id: 118; name: GENERATE_TRAIN_CONFIG (mouse-u_cdr3alpha_epitope_0_10); status: COMPLETED; exit: 0; error: -; workDir: /home/asmirnov/dissertation_new/PASS/work1/02/c665ad4efbae9504cd3dfe3269a865 started: 1755260459638; exited: 2025-08-15T12:20:54.844588623Z; ]
Aug-15 15:20:59.677 [Task submitter] DEBUG nextflow.executor.GridTaskHandler - [SLURM] submitted process GENERATE_TRAIN_CONFIG (human-ch_cdr3beta_epitope_0_10) > jobId: 888898; workDir: /home/asmirnov/dissertation_new/PASS/work1/7d/00f81239b920392085064551183b88
Aug-15 15:20:59.677 [Task submitter] INFO  nextflow.Session - [7d/00f812] Submitted process > GENERATE_TRAIN_CONFIG (human-ch_cdr3beta_epitope_0_10)
Aug-15 15:20:59.784 [Task monitor] DEBUG n.processor.TaskPollingMonitor - Task completed > TaskHandler[jobId: 888869; id: 120; name: GENERATE_TRAIN_CONFIG (mouse-u_cdr3alpha_epitope_0_12); status: COMPLETED; exit: 0; error: -; workDir: /home/asmirnov/dissertation_new/PASS/work1/e1/b8069883cde48fa20e764f2fbf0dac started: 1755260459713; exited: 2025-08-15T12:20:54.700590012Z; ]
Aug-15 15:20:59.809 [Task submitter] DEBUG nextflow.executor.GridTaskHandler - [SLURM] submitted process GENERATE_TRAIN_CONFIG (human-ch_cdr3beta_epitope_0_12) > jobId: 888899; workDir: /home/asmirnov/dissertation_new/PASS/work1/3a/b859725e38903fd1ec10a9c01c1d56
Aug-15 15:20:59.809 [Task submitter] INFO  nextflow.Session - [3a/b85972] Submitted process > GENERATE_TRAIN_CONFIG (human-ch_cdr3beta_epitope_0_12)
Aug-15 15:21:00.141 [Task monitor] DEBUG n.processor.TaskPollingMonitor - Task completed > TaskHandler[jobId: 888870; id: 119; name: GENERATE_TRAIN_CONFIG (mouse-u_cdr3alpha_epitope_0_11); status: COMPLETED; exit: 0; error: -; workDir: /home/asmirnov/dissertation_new/PASS/work1/f9/ba08dbaf5188b17c39249bd5921e77 started: 1755260459950; exited: 2025-08-15T12:20:54.664590359Z; ]
Aug-15 15:21:00.168 [Task submitter] DEBUG nextflow.executor.GridTaskHandler - [SLURM] submitted process GENERATE_TRAIN_CONFIG (human-u_cdr3alpha_mhc_0_3) > jobId: 888900; workDir: /home/asmirnov/dissertation_new/PASS/work1/12/8f392ea72f7e8ffa16b5488166c208
Aug-15 15:21:00.168 [Task submitter] INFO  nextflow.Session - [12/8f392e] Submitted process > GENERATE_TRAIN_CONFIG (human-u_cdr3alpha_mhc_0_3)
Aug-15 15:21:00.289 [Task monitor] DEBUG n.processor.TaskPollingMonitor - Task completed > TaskHandler[jobId: 888871; id: 122; name: GENERATE_TRAIN_CONFIG (human-u_cdr3alpha_epitope_0_4); status: COMPLETED; exit: 0; error: -; workDir: /home/asmirnov/dissertation_new/PASS/work1/1b/bcce9c06d50180f610be6c8831a5dc started: 1755260460205; exited: 2025-08-15T12:20:54.660590398Z; ]
Aug-15 15:21:00.316 [Task submitter] DEBUG nextflow.executor.GridTaskHandler - [SLURM] submitted process GENERATE_TRAIN_CONFIG (human-ch_cdr3beta_epitope_0_11) > jobId: 888901; workDir: /home/asmirnov/dissertation_new/PASS/work1/f7/7edd042f0b916e6dcf8c15150efdf6
Aug-15 15:21:00.316 [Task submitter] INFO  nextflow.Session - [f7/7edd04] Submitted process > GENERATE_TRAIN_CONFIG (human-ch_cdr3beta_epitope_0_11)
Aug-15 15:21:00.343 [Task monitor] DEBUG n.processor.TaskPollingMonitor - Task completed > TaskHandler[jobId: 888872; id: 123; name: GENERATE_TRAIN_CONFIG (human-u_cdr3alpha_epitope_0_5); status: COMPLETED; exit: 0; error: -; workDir: /home/asmirnov/dissertation_new/PASS/work1/6a/f870d37734cbef32f2083da3237451 started: 1755260460323; exited: 2025-08-15T12:20:54.700590012Z; ]
Aug-15 15:21:00.386 [Task monitor] DEBUG n.processor.TaskPollingMonitor - Task completed > TaskHandler[jobId: 888873; id: 121; name: GENERATE_TRAIN_CONFIG (human-u_cdr3alpha_epitope_0_3); status: COMPLETED; exit: 0; error: -; workDir: /home/asmirnov/dissertation_new/PASS/work1/98/d235b7c89d03408189d2d1b72cbf99 started: 1755260460344; exited: 2025-08-15T12:20:55.387675004Z; ]
Aug-15 15:21:00.394 [Task submitter] DEBUG nextflow.executor.GridTaskHandler - [SLURM] submitted process GENERATE_TRAIN_CONFIG (human-u_cdr3alpha_mhc_0_4) > jobId: 888902; workDir: /home/asmirnov/dissertation_new/PASS/work1/a7/549e942b220cf0e51bd6d60cfc4b38
Aug-15 15:21:00.394 [Task submitter] INFO  nextflow.Session - [a7/549e94] Submitted process > GENERATE_TRAIN_CONFIG (human-u_cdr3alpha_mhc_0_4)
Aug-15 15:21:00.415 [Task submitter] DEBUG nextflow.executor.GridTaskHandler - [SLURM] submitted process GENERATE_TRAIN_CONFIG (human-u_cdr3alpha_mhc_0_5) > jobId: 888903; workDir: /home/asmirnov/dissertation_new/PASS/work1/de/1a9fd10e5c69a15e5c1f8a8d9c4468
Aug-15 15:21:00.416 [Task submitter] INFO  nextflow.Session - [de/1a9fd1] Submitted process > GENERATE_TRAIN_CONFIG (human-u_cdr3alpha_mhc_0_5)
Aug-15 15:21:00.454 [Task monitor] DEBUG n.processor.TaskPollingMonitor - Task completed > TaskHandler[jobId: 888874; id: 125; name: GENERATE_TRAIN_CONFIG (human-u_cdr3alpha_epitope_0_7); status: COMPLETED; exit: 0; error: -; workDir: /home/asmirnov/dissertation_new/PASS/work1/39/69ee705709fbe5d8e54413c87b072d started: 1755260460388; exited: 2025-08-15T12:20:55.399675067Z; ]
Aug-15 15:21:00.483 [Task submitter] DEBUG nextflow.executor.GridTaskHandler - [SLURM] submitted process GENERATE_TRAIN_CONFIG (human-u_cdr3alpha_mhc_0_6) > jobId: 888904; workDir: /home/asmirnov/dissertation_new/PASS/work1/44/75be0171c3d871c339a60980366e13
Aug-15 15:21:00.484 [Task submitter] INFO  nextflow.Session - [44/75be01] Submitted process > GENERATE_TRAIN_CONFIG (human-u_cdr3alpha_mhc_0_6)
Aug-15 15:21:00.741 [Task monitor] DEBUG n.processor.TaskPollingMonitor - Task completed > TaskHandler[jobId: 888875; id: 124; name: GENERATE_TRAIN_CONFIG (human-u_cdr3alpha_epitope_0_6); status: COMPLETED; exit: 0; error: -; workDir: /home/asmirnov/dissertation_new/PASS/work1/73/4e764be135fe2b2e5aa66a3714b4c6 started: 1755260460516; exited: 2025-08-15T12:20:55.47567547Z; ]
Aug-15 15:21:00.771 [Task submitter] DEBUG nextflow.executor.GridTaskHandler - [SLURM] submitted process GENERATE_TRAIN_CONFIG (human-u_cdr3alpha_mhc_0_8) > jobId: 888905; workDir: /home/asmirnov/dissertation_new/PASS/work1/38/d81c50e0d2c586d56033420a07efe8
Aug-15 15:21:00.771 [Task submitter] INFO  nextflow.Session - [38/d81c50] Submitted process > GENERATE_TRAIN_CONFIG (human-u_cdr3alpha_mhc_0_8)
Aug-15 15:21:00.812 [Task monitor] DEBUG n.processor.TaskPollingMonitor - Task completed > TaskHandler[jobId: 888876; id: 126; name: GENERATE_TRAIN_CONFIG (human-u_cdr3alpha_epitope_0_8); status: COMPLETED; exit: 0; error: -; workDir: /home/asmirnov/dissertation_new/PASS/work1/b7/6ce82447124d2307adc1c49b64d354 started: 1755260460746; exited: 2025-08-15T12:20:55.255674306Z; ]
Aug-15 15:21:00.848 [Task submitter] DEBUG nextflow.executor.GridTaskHandler - [SLURM] submitted process GENERATE_TRAIN_CONFIG (human-u_cdr3alpha_mhc_0_7) > jobId: 888906; workDir: /home/asmirnov/dissertation_new/PASS/work1/49/c147cad251f7f3ac0fa4318d06e34a
Aug-15 15:21:00.848 [Task submitter] INFO  nextflow.Session - [49/c147ca] Submitted process > GENERATE_TRAIN_CONFIG (human-u_cdr3alpha_mhc_0_7)
Aug-15 15:21:00.873 [Task monitor] DEBUG n.processor.TaskPollingMonitor - Task completed > TaskHandler[jobId: 888877; id: 127; name: GENERATE_TRAIN_CONFIG (human-u_cdr3alpha_epitope_0_9); status: COMPLETED; exit: 0; error: -; workDir: /home/asmirnov/dissertation_new/PASS/work1/51/9eb0ef360e8e4bbd3b48bf1a76ee15 started: 1755260460814; exited: 2025-08-15T12:20:55.68367657Z; ]
Aug-15 15:21:00.902 [Task submitter] DEBUG nextflow.executor.GridTaskHandler - [SLURM] submitted process GENERATE_TRAIN_CONFIG (human-u_cdr3alpha_mhc_0_9) > jobId: 888907; workDir: /home/asmirnov/dissertation_new/PASS/work1/a3/3152752e4465766c8c8bd0fb0ad489
Aug-15 15:21:00.902 [Task submitter] INFO  nextflow.Session - [a3/315275] Submitted process > GENERATE_TRAIN_CONFIG (human-u_cdr3alpha_mhc_0_9)
Aug-15 15:21:01.300 [Task monitor] DEBUG n.processor.TaskPollingMonitor - Task completed > TaskHandler[jobId: 888878; id: 129; name: GENERATE_TRAIN_CONFIG (human-u_cdr3alpha_epitope_0_11); status: COMPLETED; exit: 0; error: -; workDir: /home/asmirnov/dissertation_new/PASS/work1/e9/ccfeb05ff4ee425e54799dd7a93030 started: 1755260461068; exited: 2025-08-15T12:20:56.527681033Z; ]
Aug-15 15:21:01.348 [Task submitter] DEBUG nextflow.executor.GridTaskHandler - [SLURM] submitted process GENERATE_TRAIN_CONFIG (human-u_cdr3alpha_mhc_0_11) > jobId: 888908; workDir: /home/asmirnov/dissertation_new/PASS/work1/63/e993ccae39c11e5019f5993aaff0b4
Aug-15 15:21:01.348 [Task submitter] INFO  nextflow.Session - [63/e993cc] Submitted process > GENERATE_TRAIN_CONFIG (human-u_cdr3alpha_mhc_0_11)
Aug-15 15:21:01.481 [Task monitor] DEBUG n.processor.TaskPollingMonitor - Task completed > TaskHandler[jobId: 888879; id: 128; name: GENERATE_TRAIN_CONFIG (human-u_cdr3alpha_epitope_0_10); status: COMPLETED; exit: 0; error: -; workDir: /home/asmirnov/dissertation_new/PASS/work1/6f/0bd96d43ccbd44a5011241cf2e8af6 started: 1755260461387; exited: 2025-08-15T12:20:56.527681033Z; ]
Aug-15 15:21:01.514 [Task submitter] DEBUG nextflow.executor.GridTaskHandler - [SLURM] submitted process GENERATE_TRAIN_CONFIG (human-u_cdr3alpha_mhc_0_12) > jobId: 888909; workDir: /home/asmirnov/dissertation_new/PASS/work1/77/f127d1f34df8b4ecec8bc5ef3470b1
Aug-15 15:21:01.514 [Task submitter] INFO  nextflow.Session - [77/f127d1] Submitted process > GENERATE_TRAIN_CONFIG (human-u_cdr3alpha_mhc_0_12)
Aug-15 15:21:01.586 [Task monitor] DEBUG n.processor.TaskPollingMonitor - Task completed > TaskHandler[jobId: 888880; id: 131; name: GENERATE_TRAIN_CONFIG (human-ch_cdr3alpha_epitope_0_3); status: COMPLETED; exit: 0; error: -; workDir: /home/asmirnov/dissertation_new/PASS/work1/65/d925c9fe873a11861d7170cb5a6faf started: 1755260461519; exited: 2025-08-15T12:20:56.503680906Z; ]
Aug-15 15:21:01.633 [Task submitter] DEBUG nextflow.executor.GridTaskHandler - [SLURM] submitted process GENERATE_TRAIN_CONFIG (human-u_cdr3alpha_mhc_0_10) > jobId: 888910; workDir: /home/asmirnov/dissertation_new/PASS/work1/d9/d5b1d752c1fbab4ab43b94569ec86a
Aug-15 15:21:01.633 [Task submitter] INFO  nextflow.Session - [d9/d5b1d7] Submitted process > GENERATE_TRAIN_CONFIG (human-u_cdr3alpha_mhc_0_10)
Aug-15 15:21:01.747 [Task monitor] DEBUG n.processor.TaskPollingMonitor - Task completed > TaskHandler[jobId: 888881; id: 130; name: GENERATE_TRAIN_CONFIG (human-u_cdr3alpha_epitope_0_12); status: COMPLETED; exit: 0; error: -; workDir: /home/asmirnov/dissertation_new/PASS/work1/9f/34f74b1ffb3595a6299f0cc18ab974 started: 1755260461648; exited: 2025-08-15T12:20:56.503680906Z; ]
Aug-15 15:21:01.859 [Task monitor] DEBUG n.processor.TaskPollingMonitor - Task completed > TaskHandler[jobId: 888882; id: 132; name: GENERATE_TRAIN_CONFIG (human-ch_cdr3alpha_epitope_0_4); status: COMPLETED; exit: 0; error: -; workDir: /home/asmirnov/dissertation_new/PASS/work1/d3/171b682270dcaedccdce8be81d85bc started: 1755260461769; exited: 2025-08-15T12:20:56.503680906Z; ]
Aug-15 15:21:01.867 [Task submitter] DEBUG nextflow.executor.GridTaskHandler - [SLURM] submitted process TRAIN (human-ch_cdr3alpha_mhc_0_3) > jobId: 888911; workDir: /home/asmirnov/dissertation_new/PASS/work1/f4/ff499d5377edd993fde1ece113d28f
Aug-15 15:21:01.867 [Task submitter] INFO  nextflow.Session - [f4/ff499d] Submitted process > TRAIN (human-ch_cdr3alpha_mhc_0_3)
Aug-15 15:21:01.901 [Task submitter] DEBUG nextflow.executor.GridTaskHandler - [SLURM] submitted process TRAIN (human-ch_cdr3alpha_mhc_0_4) > jobId: 888912; workDir: /home/asmirnov/dissertation_new/PASS/work1/ec/9f532ed8890c806eeef12bc520893c
Aug-15 15:21:01.902 [Task submitter] INFO  nextflow.Session - [ec/9f532e] Submitted process > TRAIN (human-ch_cdr3alpha_mhc_0_4)
Aug-15 15:21:02.011 [Task monitor] DEBUG n.processor.TaskPollingMonitor - Task completed > TaskHandler[jobId: 888883; id: 133; name: GENERATE_TRAIN_CONFIG (human-ch_cdr3alpha_epitope_0_5); status: COMPLETED; exit: 0; error: -; workDir: /home/asmirnov/dissertation_new/PASS/work1/f5/ba82606b2583f349f770256de3adfa started: 1755260461878; exited: 2025-08-15T12:20:56.895682978Z; ]
Aug-15 15:21:02.040 [Task submitter] DEBUG nextflow.executor.GridTaskHandler - [SLURM] submitted process TRAIN (human-ch_cdr3alpha_mhc_0_5) > jobId: 888913; workDir: /home/asmirnov/dissertation_new/PASS/work1/a1/4937f0b2bf2d2f89421b1d98d633b0
Aug-15 15:21:02.041 [Task submitter] INFO  nextflow.Session - [a1/4937f0] Submitted process > TRAIN (human-ch_cdr3alpha_mhc_0_5)
Aug-15 15:21:02.144 [Task monitor] DEBUG n.processor.TaskPollingMonitor - Task completed > TaskHandler[jobId: 888884; id: 135; name: GENERATE_TRAIN_CONFIG (human-ch_cdr3alpha_epitope_0_7); status: COMPLETED; exit: 0; error: -; workDir: /home/asmirnov/dissertation_new/PASS/work1/d1/7b6197616986fefd76a10dfb84d95a started: 1755260462077; exited: 2025-08-15T12:20:57.087683994Z; ]
Aug-15 15:21:02.173 [Task submitter] DEBUG nextflow.executor.GridTaskHandler - [SLURM] submitted process TRAIN (human-ch_cdr3alpha_mhc_0_6) > jobId: 888914; workDir: /home/asmirnov/dissertation_new/PASS/work1/e2/2e0b971efc30b0e2332a1a94b70838
Aug-15 15:21:02.173 [Task submitter] INFO  nextflow.Session - [e2/2e0b97] Submitted process > TRAIN (human-ch_cdr3alpha_mhc_0_6)
Aug-15 15:21:02.275 [Task monitor] DEBUG n.processor.TaskPollingMonitor - Task completed > TaskHandler[jobId: 888885; id: 134; name: GENERATE_TRAIN_CONFIG (human-ch_cdr3alpha_epitope_0_6); status: COMPLETED; exit: 0; error: -; workDir: /home/asmirnov/dissertation_new/PASS/work1/ca/bc0208928f401a021d888fedce847a started: 1755260462207; exited: 2025-08-15T12:20:57.103684078Z; ]
Aug-15 15:21:02.534 [Task submitter] DEBUG nextflow.executor.GridTaskHandler - [SLURM] submitted process TRAIN (human-ch_cdr3alpha_mhc_0_8) > jobId: 888915; workDir: /home/asmirnov/dissertation_new/PASS/work1/95/073a4e50dfdad839b58488d4cddc91
Aug-15 15:21:02.534 [Task submitter] INFO  nextflow.Session - [95/073a4e] Submitted process > TRAIN (human-ch_cdr3alpha_mhc_0_8)
Aug-15 15:21:02.941 [Task monitor] DEBUG n.processor.TaskPollingMonitor - Task completed > TaskHandler[jobId: 888886; id: 137; name: GENERATE_TRAIN_CONFIG (human-ch_cdr3alpha_epitope_0_9); status: COMPLETED; exit: 0; error: -; workDir: /home/asmirnov/dissertation_new/PASS/work1/ef/f54e9735ca5abad36fd76cc3a9c4a5 started: 1755260462743; exited: 2025-08-15T12:20:58.019688922Z; ]
Aug-15 15:21:02.973 [Task submitter] DEBUG nextflow.executor.GridTaskHandler - [SLURM] submitted process TRAIN (human-ch_cdr3alpha_mhc_0_7) > jobId: 888916; workDir: /home/asmirnov/dissertation_new/PASS/work1/b6/3d653af0905ff729316922cf464315
Aug-15 15:21:02.973 [Task submitter] INFO  nextflow.Session - [b6/3d653a] Submitted process > TRAIN (human-ch_cdr3alpha_mhc_0_7)
Aug-15 15:21:03.100 [Task monitor] DEBUG n.processor.TaskPollingMonitor - Task completed > TaskHandler[jobId: 888887; id: 138; name: GENERATE_TRAIN_CONFIG (human-ch_cdr3alpha_epitope_0_10); status: COMPLETED; exit: 0; error: -; workDir: /home/asmirnov/dissertation_new/PASS/work1/f4/dffce98541ed2247be31b02186e653 started: 1755260463022; exited: 2025-08-15T12:20:58.716551279Z; ]
Aug-15 15:21:03.130 [Task submitter] DEBUG nextflow.executor.GridTaskHandler - [SLURM] submitted process TRAIN (human-ch_cdr3alpha_mhc_0_9) > jobId: 888917; workDir: /home/asmirnov/dissertation_new/PASS/work1/6b/64b06a9dd4435336fb67f4b1bcb43a
Aug-15 15:21:03.130 [Task submitter] INFO  nextflow.Session - [6b/64b06a] Submitted process > TRAIN (human-ch_cdr3alpha_mhc_0_9)
Aug-15 15:21:03.221 [Task monitor] DEBUG n.processor.TaskPollingMonitor - Task completed > TaskHandler[jobId: 888888; id: 136; name: GENERATE_TRAIN_CONFIG (human-ch_cdr3alpha_epitope_0_8); status: COMPLETED; exit: 0; error: -; workDir: /home/asmirnov/dissertation_new/PASS/work1/6d/a69ef9bf17c1347a69a5bd1608ba3f started: 1755260463133; exited: 2025-08-15T12:20:58.716551279Z; ]
Aug-15 15:21:03.251 [Task submitter] DEBUG nextflow.executor.GridTaskHandler - [SLURM] submitted process TRAIN (human-ch_cdr3alpha_mhc_0_10) > jobId: 888918; workDir: /home/asmirnov/dissertation_new/PASS/work1/e7/0156c5ac83a3cea576c54a246dcc56
Aug-15 15:21:03.251 [Task submitter] INFO  nextflow.Session - [e7/0156c5] Submitted process > TRAIN (human-ch_cdr3alpha_mhc_0_10)
Aug-15 15:21:03.317 [Task monitor] DEBUG n.processor.TaskPollingMonitor - Task completed > TaskHandler[jobId: 888889; id: 139; name: GENERATE_TRAIN_CONFIG (human-ch_cdr3alpha_epitope_0_11); status: COMPLETED; exit: 0; error: -; workDir: /home/asmirnov/dissertation_new/PASS/work1/89/d6e66a5697a721d9e9af2bddc68522 started: 1755260463224; exited: 2025-08-15T12:20:58.716551279Z; ]
Aug-15 15:21:03.349 [Task submitter] DEBUG nextflow.executor.GridTaskHandler - [SLURM] submitted process TRAIN (human-ch_cdr3alpha_mhc_0_11) > jobId: 888919; workDir: /home/asmirnov/dissertation_new/PASS/work1/f8/d29c2254d59f88e8920b63db5c3850
Aug-15 15:21:03.349 [Task submitter] INFO  nextflow.Session - [f8/d29c22] Submitted process > TRAIN (human-ch_cdr3alpha_mhc_0_11)
Aug-15 15:21:03.467 [Task monitor] DEBUG n.processor.TaskPollingMonitor - Task completed > TaskHandler[jobId: 888890; id: 140; name: GENERATE_TRAIN_CONFIG (human-ch_cdr3alpha_epitope_0_12); status: COMPLETED; exit: 0; error: -; workDir: /home/asmirnov/dissertation_new/PASS/work1/2a/5466acc996f2305dd6459c49a3b709 started: 1755260463379; exited: 2025-08-15T12:20:59.479696643Z; ]
Aug-15 15:21:03.498 [Task submitter] DEBUG nextflow.executor.GridTaskHandler - [SLURM] submitted process TRAIN (human-ch_cdr3alpha_mhc_0_12) > jobId: 888920; workDir: /home/asmirnov/dissertation_new/PASS/work1/38/e7fc8ebb2bf8fb6b42d819af391e6a
Aug-15 15:21:03.498 [Task submitter] INFO  nextflow.Session - [38/e7fc8e] Submitted process > TRAIN (human-ch_cdr3alpha_mhc_0_12)
Aug-15 15:21:03.914 [Task monitor] DEBUG n.processor.TaskPollingMonitor - Task completed > TaskHandler[jobId: 888891; id: 142; name: GENERATE_TRAIN_CONFIG (human-ch_cdr3beta_epitope_0_4); status: COMPLETED; exit: 0; error: -; workDir: /home/asmirnov/dissertation_new/PASS/work1/07/75b42c59816e41f630e4dcb3cdb907 started: 1755260463528; exited: 2025-08-15T12:20:59.660542174Z; ]
Aug-15 15:21:03.947 [Task submitter] DEBUG nextflow.executor.GridTaskHandler - [SLURM] submitted process TRAIN (mouse-u_cdr3alpha_mhc_0_3) > jobId: 888921; workDir: /home/asmirnov/dissertation_new/PASS/work1/ab/f2c1a2f7e5e6873b1a02e09a3e7bcd
Aug-15 15:21:03.947 [Task submitter] INFO  nextflow.Session - [ab/f2c1a2] Submitted process > TRAIN (mouse-u_cdr3alpha_mhc_0_3)
Aug-15 15:21:04.287 [Task monitor] DEBUG n.processor.TaskPollingMonitor - Task completed > TaskHandler[jobId: 888892; id: 143; name: GENERATE_TRAIN_CONFIG (human-ch_cdr3beta_epitope_0_5); status: COMPLETED; exit: 0; error: -; workDir: /home/asmirnov/dissertation_new/PASS/work1/b5/396377104b1f890152ef81b1aaa64a started: 1755260463989; exited: 2025-08-15T12:20:59.660542174Z; ]
Aug-15 15:21:04.316 [Task submitter] DEBUG nextflow.executor.GridTaskHandler - [SLURM] submitted process TRAIN (mouse-u_cdr3alpha_mhc_0_4) > jobId: 888922; workDir: /home/asmirnov/dissertation_new/PASS/work1/14/e929a047070b3606475857e06d98b8
Aug-15 15:21:04.317 [Task submitter] INFO  nextflow.Session - [14/e929a0] Submitted process > TRAIN (mouse-u_cdr3alpha_mhc_0_4)
Aug-15 15:21:04.434 [Task monitor] DEBUG n.processor.TaskPollingMonitor - Task completed > TaskHandler[jobId: 888893; id: 141; name: GENERATE_TRAIN_CONFIG (human-ch_cdr3beta_epitope_0_3); status: COMPLETED; exit: 0; error: -; workDir: /home/asmirnov/dissertation_new/PASS/work1/91/74ab88cb4375c140aefe577a865bc0 started: 1755260464357; exited: 2025-08-15T12:21:00.160537351Z; ]
Aug-15 15:21:04.468 [Task submitter] DEBUG nextflow.executor.GridTaskHandler - [SLURM] submitted process TRAIN (mouse-u_cdr3alpha_mhc_0_5) > jobId: 888923; workDir: /home/asmirnov/dissertation_new/PASS/work1/4c/c8ab3d6fbefd698d55fb11856e827e
Aug-15 15:21:04.468 [Task submitter] INFO  nextflow.Session - [4c/c8ab3d] Submitted process > TRAIN (mouse-u_cdr3alpha_mhc_0_5)
Aug-15 15:21:04.680 [Task monitor] DEBUG n.processor.TaskPollingMonitor - Task completed > TaskHandler[jobId: 888894; id: 144; name: GENERATE_TRAIN_CONFIG (human-ch_cdr3beta_epitope_0_6); status: COMPLETED; exit: 0; error: -; workDir: /home/asmirnov/dissertation_new/PASS/work1/3c/899ccb4b5273110596d5eb67657815 started: 1755260464560; exited: 2025-08-15T12:21:00.155700218Z; ]
Aug-15 15:21:04.963 [Task submitter] DEBUG nextflow.executor.GridTaskHandler - [SLURM] submitted process TRAIN (mouse-u_cdr3alpha_mhc_0_6) > jobId: 888924; workDir: /home/asmirnov/dissertation_new/PASS/work1/4c/dd164523ca047c982d21557d5322bc
Aug-15 15:21:04.963 [Task submitter] INFO  nextflow.Session - [4c/dd1645] Submitted process > TRAIN (mouse-u_cdr3alpha_mhc_0_6)
Aug-15 15:21:05.511 [Task monitor] DEBUG n.processor.TaskPollingMonitor - Task completed > TaskHandler[jobId: 888895; id: 145; name: GENERATE_TRAIN_CONFIG (human-ch_cdr3beta_epitope_0_7); status: COMPLETED; exit: 0; error: -; workDir: /home/asmirnov/dissertation_new/PASS/work1/10/844ddc0b5fc726937cd8f805fac3f7 started: 1755260465260; exited: 2025-08-15T12:20:59.972539165Z; ]
Aug-15 15:21:05.542 [Task submitter] DEBUG nextflow.executor.GridTaskHandler - [SLURM] submitted process TRAIN (mouse-u_cdr3alpha_mhc_0_7) > jobId: 888925; workDir: /home/asmirnov/dissertation_new/PASS/work1/9f/371f6c9fb7f2cbdbec1d63f7a9f385
Aug-15 15:21:05.542 [Task submitter] INFO  nextflow.Session - [9f/371f6c] Submitted process > TRAIN (mouse-u_cdr3alpha_mhc_0_7)
Aug-15 15:21:05.675 [Task monitor] DEBUG n.processor.TaskPollingMonitor - Task completed > TaskHandler[jobId: 888896; id: 146; name: GENERATE_TRAIN_CONFIG (human-ch_cdr3beta_epitope_0_8); status: COMPLETED; exit: 0; error: -; workDir: /home/asmirnov/dissertation_new/PASS/work1/61/7a6e1ba124d88c7af290dc09c8ebc4 started: 1755260465608; exited: 2025-08-15T12:21:00.292536078Z; ]
Aug-15 15:21:05.707 [Task submitter] DEBUG nextflow.executor.GridTaskHandler - [SLURM] submitted process TRAIN (mouse-u_cdr3alpha_mhc_0_9) > jobId: 888926; workDir: /home/asmirnov/dissertation_new/PASS/work1/e9/34bb92bffd48d708263d7d21e4e7c1
Aug-15 15:21:05.708 [Task submitter] INFO  nextflow.Session - [e9/34bb92] Submitted process > TRAIN (mouse-u_cdr3alpha_mhc_0_9)
Aug-15 15:21:05.802 [Task monitor] DEBUG n.processor.TaskPollingMonitor - Task completed > TaskHandler[jobId: 888897; id: 147; name: GENERATE_TRAIN_CONFIG (human-ch_cdr3beta_epitope_0_9); status: COMPLETED; exit: 0; error: -; workDir: /home/asmirnov/dissertation_new/PASS/work1/7a/e2dc8995066682a63a72e411c62f57 started: 1755260465731; exited: 2025-08-15T12:21:00.491701995Z; ]
Aug-15 15:21:05.834 [Task submitter] DEBUG nextflow.executor.GridTaskHandler - [SLURM] submitted process TRAIN (mouse-u_cdr3alpha_mhc_0_10) > jobId: 888927; workDir: /home/asmirnov/dissertation_new/PASS/work1/eb/9847481b4df01c4c0a634818ee52cc
Aug-15 15:21:05.834 [Task submitter] INFO  nextflow.Session - [eb/984748] Submitted process > TRAIN (mouse-u_cdr3alpha_mhc_0_10)
Aug-15 15:21:05.922 [Task monitor] DEBUG n.processor.TaskPollingMonitor - Task completed > TaskHandler[jobId: 888898; id: 148; name: GENERATE_TRAIN_CONFIG (human-ch_cdr3beta_epitope_0_10); status: COMPLETED; exit: 0; error: -; workDir: /home/asmirnov/dissertation_new/PASS/work1/7d/00f81239b920392085064551183b88 started: 1755260465873; exited: 2025-08-15T12:21:00.491701995Z; ]
Aug-15 15:21:05.954 [Task submitter] DEBUG nextflow.executor.GridTaskHandler - [SLURM] submitted process TRAIN (mouse-u_cdr3alpha_mhc_0_8) > jobId: 888928; workDir: /home/asmirnov/dissertation_new/PASS/work1/78/fd07bb1b7c85dd1ed31f51522d1645
Aug-15 15:21:05.954 [Task submitter] INFO  nextflow.Session - [78/fd07bb] Submitted process > TRAIN (mouse-u_cdr3alpha_mhc_0_8)
Aug-15 15:21:06.138 [Task monitor] DEBUG n.processor.TaskPollingMonitor - Task completed > TaskHandler[jobId: 888899; id: 150; name: GENERATE_TRAIN_CONFIG (human-ch_cdr3beta_epitope_0_12); status: COMPLETED; exit: 0; error: -; workDir: /home/asmirnov/dissertation_new/PASS/work1/3a/b859725e38903fd1ec10a9c01c1d56 started: 1755260465993; exited: 2025-08-15T12:21:00.843703856Z; ]
Aug-15 15:21:06.170 [Task submitter] DEBUG nextflow.executor.GridTaskHandler - [SLURM] submitted process TRAIN (mouse-u_cdr3alpha_mhc_0_11) > jobId: 888929; workDir: /home/asmirnov/dissertation_new/PASS/work1/69/b62ceadd8520a027f5dc4a78191c5d
Aug-15 15:21:06.170 [Task submitter] INFO  nextflow.Session - [69/b62cea] Submitted process > TRAIN (mouse-u_cdr3alpha_mhc_0_11)
Aug-15 15:21:06.519 [Task monitor] DEBUG n.processor.TaskPollingMonitor - Task completed > TaskHandler[jobId: 888900; id: 151; name: GENERATE_TRAIN_CONFIG (human-u_cdr3alpha_mhc_0_3); status: COMPLETED; exit: 0; error: -; workDir: /home/asmirnov/dissertation_new/PASS/work1/12/8f392ea72f7e8ffa16b5488166c208 started: 1755260466316; exited: 2025-08-15T12:21:01.087705147Z; ]
Aug-15 15:21:06.556 [Task submitter] DEBUG nextflow.executor.GridTaskHandler - [SLURM] submitted process TRAIN (mouse-u_cdr3alpha_mhc_0_12) > jobId: 888930; workDir: /home/asmirnov/dissertation_new/PASS/work1/c8/319ba3c0a103d2d6d2363a2939b9d3
Aug-15 15:21:06.556 [Task submitter] INFO  nextflow.Session - [c8/319ba3] Submitted process > TRAIN (mouse-u_cdr3alpha_mhc_0_12)
Aug-15 15:21:06.639 [Task monitor] DEBUG n.processor.TaskPollingMonitor - Task completed > TaskHandler[jobId: 888901; id: 149; name: GENERATE_TRAIN_CONFIG (human-ch_cdr3beta_epitope_0_11); status: COMPLETED; exit: 0; error: -; workDir: /home/asmirnov/dissertation_new/PASS/work1/f7/7edd042f0b916e6dcf8c15150efdf6 started: 1755260466530; exited: 2025-08-15T12:21:01.471707178Z; ]
Aug-15 15:21:06.676 [Task submitter] DEBUG nextflow.executor.GridTaskHandler - [SLURM] submitted process TRAIN (human-ch_cdr3beta_mhc_0_3) > jobId: 888931; workDir: /home/asmirnov/dissertation_new/PASS/work1/8a/dc0810c19d4fef10f73386e813fe50
Aug-15 15:21:06.676 [Task submitter] INFO  nextflow.Session - [8a/dc0810] Submitted process > TRAIN (human-ch_cdr3beta_mhc_0_3)
Aug-15 15:21:06.689 [Task monitor] DEBUG n.processor.TaskPollingMonitor - Task completed > TaskHandler[jobId: 888902; id: 152; name: GENERATE_TRAIN_CONFIG (human-u_cdr3alpha_mhc_0_4); status: COMPLETED; exit: 0; error: -; workDir: /home/asmirnov/dissertation_new/PASS/work1/a7/549e942b220cf0e51bd6d60cfc4b38 started: 1755260466644; exited: 2025-08-15T12:21:01.471707178Z; ]
Aug-15 15:21:06.751 [Task submitter] DEBUG nextflow.executor.GridTaskHandler - [SLURM] submitted process TRAIN (human-ch_cdr3beta_mhc_0_5) > jobId: 888932; workDir: /home/asmirnov/dissertation_new/PASS/work1/a2/27a7efa6150226a27212ec95a88bf2
Aug-15 15:21:06.751 [Task submitter] INFO  nextflow.Session - [a2/27a7ef] Submitted process > TRAIN (human-ch_cdr3beta_mhc_0_5)
Aug-15 15:21:06.798 [Task monitor] DEBUG n.processor.TaskPollingMonitor - Task completed > TaskHandler[jobId: 888903; id: 153; name: GENERATE_TRAIN_CONFIG (human-u_cdr3alpha_mhc_0_5); status: COMPLETED; exit: 0; error: -; workDir: /home/asmirnov/dissertation_new/PASS/work1/de/1a9fd10e5c69a15e5c1f8a8d9c4468 started: 1755260466747; exited: 2025-08-15T12:21:01.476524659Z; ]
Aug-15 15:21:06.826 [Task submitter] DEBUG nextflow.executor.GridTaskHandler - [SLURM] submitted process TRAIN (human-ch_cdr3beta_mhc_0_6) > jobId: 888933; workDir: /home/asmirnov/dissertation_new/PASS/work1/27/b34683e00259f14c6c243340b36d95
Aug-15 15:21:06.827 [Task submitter] INFO  nextflow.Session - [27/b34683] Submitted process > TRAIN (human-ch_cdr3beta_mhc_0_6)
Aug-15 15:21:06.949 [Task monitor] DEBUG n.processor.TaskPollingMonitor - Task completed > TaskHandler[jobId: 888904; id: 154; name: GENERATE_TRAIN_CONFIG (human-u_cdr3alpha_mhc_0_6); status: COMPLETED; exit: 0; error: -; workDir: /home/asmirnov/dissertation_new/PASS/work1/44/75be0171c3d871c339a60980366e13 started: 1755260466872; exited: 2025-08-15T12:21:01.476524659Z; ]
Aug-15 15:21:07.033 [Task submitter] DEBUG nextflow.executor.GridTaskHandler - [SLURM] submitted process TRAIN (human-ch_cdr3beta_mhc_0_4) > jobId: 888934; workDir: /home/asmirnov/dissertation_new/PASS/work1/c0/d50b97ee4c88b1741195dec4a4e423
Aug-15 15:21:07.034 [Task submitter] INFO  nextflow.Session - [c0/d50b97] Submitted process > TRAIN (human-ch_cdr3beta_mhc_0_4)
Aug-15 15:21:07.120 [Task monitor] DEBUG n.processor.TaskPollingMonitor - Task completed > TaskHandler[jobId: 888905; id: 156; name: GENERATE_TRAIN_CONFIG (human-u_cdr3alpha_mhc_0_8); status: COMPLETED; exit: 0; error: -; workDir: /home/asmirnov/dissertation_new/PASS/work1/38/d81c50e0d2c586d56033420a07efe8 started: 1755260467006; exited: 2025-08-15T12:21:01.75570868Z; ]
Aug-15 15:21:07.258 [Task submitter] DEBUG nextflow.executor.GridTaskHandler - [SLURM] submitted process TRAIN (human-ch_cdr3beta_mhc_0_9) > jobId: 888935; workDir: /home/asmirnov/dissertation_new/PASS/work1/8a/8db85bb020a55e210b472fe197b969
Aug-15 15:21:07.258 [Task submitter] INFO  nextflow.Session - [8a/8db85b] Submitted process > TRAIN (human-ch_cdr3beta_mhc_0_9)
Aug-15 15:21:08.027 [Task monitor] DEBUG n.processor.TaskPollingMonitor - Task completed > TaskHandler[jobId: 888906; id: 155; name: GENERATE_TRAIN_CONFIG (human-u_cdr3alpha_mhc_0_7); status: COMPLETED; exit: 0; error: -; workDir: /home/asmirnov/dissertation_new/PASS/work1/49/c147cad251f7f3ac0fa4318d06e34a started: 1755260467973; exited: 2025-08-15T12:21:01.731708553Z; ]
Aug-15 15:21:08.143 [Task submitter] DEBUG nextflow.executor.GridTaskHandler - [SLURM] submitted process TRAIN (human-ch_cdr3beta_mhc_0_8) > jobId: 888936; workDir: /home/asmirnov/dissertation_new/PASS/work1/cb/82607268136cf37104e60a27cb40ca
Aug-15 15:21:08.143 [Task submitter] INFO  nextflow.Session - [cb/826072] Submitted process > TRAIN (human-ch_cdr3beta_mhc_0_8)
Aug-15 15:21:08.160 [Task monitor] DEBUG n.processor.TaskPollingMonitor - Task completed > TaskHandler[jobId: 888907; id: 157; name: GENERATE_TRAIN_CONFIG (human-u_cdr3alpha_mhc_0_9); status: COMPLETED; exit: 0; error: -; workDir: /home/asmirnov/dissertation_new/PASS/work1/a3/3152752e4465766c8c8bd0fb0ad489 started: 1755260468083; exited: 2025-08-15T12:21:01.839709124Z; ]
Aug-15 15:21:08.256 [Task submitter] DEBUG nextflow.executor.GridTaskHandler - [SLURM] submitted process TRAIN (human-ch_cdr3beta_mhc_0_10) > jobId: 888937; workDir: /home/asmirnov/dissertation_new/PASS/work1/31/26b1214e0c512687b4ebb8973736f8
Aug-15 15:21:08.256 [Task submitter] INFO  nextflow.Session - [31/26b121] Submitted process > TRAIN (human-ch_cdr3beta_mhc_0_10)
Aug-15 15:21:08.298 [Task monitor] DEBUG n.processor.TaskPollingMonitor - Task completed > TaskHandler[jobId: 888908; id: 159; name: GENERATE_TRAIN_CONFIG (human-u_cdr3alpha_mhc_0_11); status: COMPLETED; exit: 0; error: -; workDir: /home/asmirnov/dissertation_new/PASS/work1/63/e993ccae39c11e5019f5993aaff0b4 started: 1755260468230; exited: 2025-08-15T12:21:02.16052865Z; ]
Aug-15 15:21:08.364 [Task submitter] DEBUG nextflow.executor.GridTaskHandler - [SLURM] submitted process TRAIN (human-ch_cdr3beta_mhc_0_7) > jobId: 888938; workDir: /home/asmirnov/dissertation_new/PASS/work1/fe/319c2deec3db693be2a0eff642d6b0
Aug-15 15:21:08.364 [Task submitter] INFO  nextflow.Session - [fe/319c2d] Submitted process > TRAIN (human-ch_cdr3beta_mhc_0_7)
Aug-15 15:21:08.369 [Task monitor] DEBUG n.processor.TaskPollingMonitor - Task completed > TaskHandler[jobId: 888909; id: 160; name: GENERATE_TRAIN_CONFIG (human-u_cdr3alpha_mhc_0_12); status: COMPLETED; exit: 0; error: -; workDir: /home/asmirnov/dissertation_new/PASS/work1/77/f127d1f34df8b4ecec8bc5ef3470b1 started: 1755260468302; exited: 2025-08-15T12:21:02.224527315Z; ]
Aug-15 15:21:08.476 [Task submitter] DEBUG nextflow.executor.GridTaskHandler - [SLURM] submitted process TRAIN (human-ch_cdr3beta_mhc_0_12) > jobId: 888939; workDir: /home/asmirnov/dissertation_new/PASS/work1/3b/e558be0b018ed5f5c98f0871fee55b
Aug-15 15:21:08.476 [Task submitter] INFO  nextflow.Session - [3b/e558be] Submitted process > TRAIN (human-ch_cdr3beta_mhc_0_12)
Aug-15 15:21:08.505 [Task monitor] DEBUG n.processor.TaskPollingMonitor - Task completed > TaskHandler[jobId: 888910; id: 158; name: GENERATE_TRAIN_CONFIG (human-u_cdr3alpha_mhc_0_10); status: COMPLETED; exit: 0; error: -; workDir: /home/asmirnov/dissertation_new/PASS/work1/d9/d5b1d752c1fbab4ab43b94569ec86a started: 1755260468439; exited: 2025-08-15T12:21:02.815714284Z; ]
Aug-15 15:21:08.540 [Task submitter] DEBUG nextflow.executor.GridTaskHandler - [SLURM] submitted process TRAIN (human-ch_cdr3beta_mhc_0_11) > jobId: 888940; workDir: /home/asmirnov/dissertation_new/PASS/work1/30/a915d6775c1edcf05fc5356d25852a
Aug-15 15:21:08.540 [Task submitter] INFO  nextflow.Session - [30/a915d6] Submitted process > TRAIN (human-ch_cdr3beta_mhc_0_11)
Aug-15 15:25:31.634 [Task submitter] DEBUG n.processor.TaskPollingMonitor - %% executor slurm > tasks in the submission queue: 130 -- tasks to be submitted are shown below
~> TaskHandler[jobId: null; id: 191; name: TRAIN (human-u_cdr3beta_mhc_0_4); status: NEW; exit: -; error: -; workDir: /home/asmirnov/dissertation_new/PASS/work1/b1/b1c0a8689a0c4c7621cb16cdeb8f16 started: -; exited: -; ]
~> TaskHandler[jobId: null; id: 192; name: TRAIN (human-u_cdr3beta_mhc_0_3); status: NEW; exit: -; error: -; workDir: /home/asmirnov/dissertation_new/PASS/work1/fd/05fe8119c1b25b774474f18d88f6c3 started: -; exited: -; ]
~> TaskHandler[jobId: null; id: 193; name: TRAIN (human-u_cdr3beta_mhc_0_6); status: NEW; exit: -; error: -; workDir: /home/asmirnov/dissertation_new/PASS/work1/6f/8ae67fdfd670716468da717f42012e started: -; exited: -; ]
~> TaskHandler[jobId: null; id: 194; name: TRAIN (human-u_cdr3beta_mhc_0_5); status: NEW; exit: -; error: -; workDir: /home/asmirnov/dissertation_new/PASS/work1/5d/a45334d7801c743d2ae652a53cf41f started: -; exited: -; ]
~> TaskHandler[jobId: null; id: 195; name: TRAIN (human-u_cdr3beta_mhc_0_7); status: NEW; exit: -; error: -; workDir: /home/asmirnov/dissertation_new/PASS/work1/19/980dcb792c5658efed6fd8e0746f78 started: -; exited: -; ]
~> TaskHandler[jobId: null; id: 196; name: TRAIN (human-u_cdr3beta_mhc_0_8); status: NEW; exit: -; error: -; workDir: /home/asmirnov/dissertation_new/PASS/work1/c1/516dd8bd4fc0bf52b46b0f1e99c04b started: -; exited: -; ]
~> TaskHandler[jobId: null; id: 197; name: TRAIN (human-u_cdr3beta_mhc_0_9); status: NEW; exit: -; error: -; workDir: /home/asmirnov/dissertation_new/PASS/work1/8e/0adb1f84a1dfca91bc6f2cf38a96f0 started: -; exited: -; ]
~> TaskHandler[jobId: null; id: 198; name: TRAIN (human-u_cdr3beta_mhc_0_10); status: NEW; exit: -; error: -; workDir: /home/asmirnov/dissertation_new/PASS/work1/48/e89ba2cf513b98dd79f079de816518 started: -; exited: -; ]
~> TaskHandler[jobId: null; id: 199; name: TRAIN (human-u_cdr3beta_mhc_0_12); status: NEW; exit: -; error: -; workDir: /home/asmirnov/dissertation_new/PASS/work1/a8/910d85d4a9bd6c209edccdada398ca started: -; exited: -; ]
~> TaskHandler[jobId: null; id: 200; name: TRAIN (human-u_cdr3beta_mhc_0_11); status: NEW; exit: -; error: -; workDir: /home/asmirnov/dissertation_new/PASS/work1/79/7df3a5af091ae8432f92df2bcb19ae started: -; exited: -; ]
.. remaining tasks omitted.
Aug-15 15:25:35.693 [Task monitor] DEBUG n.processor.TaskPollingMonitor - !! executor slurm > tasks to be completed: 30 -- submitted tasks are shown below
~> TaskHandler[jobId: 888911; id: 161; name: TRAIN (human-ch_cdr3alpha_mhc_0_3); status: RUNNING; exit: -; error: -; workDir: /home/asmirnov/dissertation_new/PASS/work1/f4/ff499d5377edd993fde1ece113d28f started: 1755260468567; exited: -; ]
~> TaskHandler[jobId: 888912; id: 162; name: TRAIN (human-ch_cdr3alpha_mhc_0_4); status: RUNNING; exit: -; error: -; workDir: /home/asmirnov/dissertation_new/PASS/work1/ec/9f532ed8890c806eeef12bc520893c started: 1755260468619; exited: -; ]
~> TaskHandler[jobId: 888913; id: 163; name: TRAIN (human-ch_cdr3alpha_mhc_0_5); status: RUNNING; exit: -; error: -; workDir: /home/asmirnov/dissertation_new/PASS/work1/a1/4937f0b2bf2d2f89421b1d98d633b0 started: 1755260468620; exited: -; ]
~> TaskHandler[jobId: 888914; id: 164; name: TRAIN (human-ch_cdr3alpha_mhc_0_6); status: RUNNING; exit: -; error: -; workDir: /home/asmirnov/dissertation_new/PASS/work1/e2/2e0b971efc30b0e2332a1a94b70838 started: 1755260468684; exited: -; ]
~> TaskHandler[jobId: 888915; id: 165; name: TRAIN (human-ch_cdr3alpha_mhc_0_8); status: RUNNING; exit: -; error: -; workDir: /home/asmirnov/dissertation_new/PASS/work1/95/073a4e50dfdad839b58488d4cddc91 started: 1755260468733; exited: -; ]
~> TaskHandler[jobId: 888916; id: 166; name: TRAIN (human-ch_cdr3alpha_mhc_0_7); status: RUNNING; exit: -; error: -; workDir: /home/asmirnov/dissertation_new/PASS/work1/b6/3d653af0905ff729316922cf464315 started: 1755260468969; exited: -; ]
~> TaskHandler[jobId: 888917; id: 167; name: TRAIN (human-ch_cdr3alpha_mhc_0_9); status: RUNNING; exit: -; error: -; workDir: /home/asmirnov/dissertation_new/PASS/work1/6b/64b06a9dd4435336fb67f4b1bcb43a started: 1755260469154; exited: -; ]
~> TaskHandler[jobId: 888918; id: 168; name: TRAIN (human-ch_cdr3alpha_mhc_0_10); status: RUNNING; exit: -; error: -; workDir: /home/asmirnov/dissertation_new/PASS/work1/e7/0156c5ac83a3cea576c54a246dcc56 started: 1755260469224; exited: -; ]
~> TaskHandler[jobId: 888919; id: 169; name: TRAIN (human-ch_cdr3alpha_mhc_0_11); status: RUNNING; exit: -; error: -; workDir: /home/asmirnov/dissertation_new/PASS/work1/f8/d29c2254d59f88e8920b63db5c3850 started: 1755260469419; exited: -; ]
~> TaskHandler[jobId: 888920; id: 170; name: TRAIN (human-ch_cdr3alpha_mhc_0_12); status: RUNNING; exit: -; error: -; workDir: /home/asmirnov/dissertation_new/PASS/work1/38/e7fc8ebb2bf8fb6b42d819af391e6a started: 1755260469532; exited: -; ]
.. remaining tasks omitted.
Aug-15 15:30:31.709 [Task submitter] DEBUG n.processor.TaskPollingMonitor - %% executor slurm > tasks in the submission queue: 130 -- tasks to be submitted are shown below
~> TaskHandler[jobId: null; id: 191; name: TRAIN (human-u_cdr3beta_mhc_0_4); status: NEW; exit: -; error: -; workDir: /home/asmirnov/dissertation_new/PASS/work1/b1/b1c0a8689a0c4c7621cb16cdeb8f16 started: -; exited: -; ]
~> TaskHandler[jobId: null; id: 192; name: TRAIN (human-u_cdr3beta_mhc_0_3); status: NEW; exit: -; error: -; workDir: /home/asmirnov/dissertation_new/PASS/work1/fd/05fe8119c1b25b774474f18d88f6c3 started: -; exited: -; ]
~> TaskHandler[jobId: null; id: 193; name: TRAIN (human-u_cdr3beta_mhc_0_6); status: NEW; exit: -; error: -; workDir: /home/asmirnov/dissertation_new/PASS/work1/6f/8ae67fdfd670716468da717f42012e started: -; exited: -; ]
~> TaskHandler[jobId: null; id: 194; name: TRAIN (human-u_cdr3beta_mhc_0_5); status: NEW; exit: -; error: -; workDir: /home/asmirnov/dissertation_new/PASS/work1/5d/a45334d7801c743d2ae652a53cf41f started: -; exited: -; ]
~> TaskHandler[jobId: null; id: 195; name: TRAIN (human-u_cdr3beta_mhc_0_7); status: NEW; exit: -; error: -; workDir: /home/asmirnov/dissertation_new/PASS/work1/19/980dcb792c5658efed6fd8e0746f78 started: -; exited: -; ]
~> TaskHandler[jobId: null; id: 196; name: TRAIN (human-u_cdr3beta_mhc_0_8); status: NEW; exit: -; error: -; workDir: /home/asmirnov/dissertation_new/PASS/work1/c1/516dd8bd4fc0bf52b46b0f1e99c04b started: -; exited: -; ]
~> TaskHandler[jobId: null; id: 197; name: TRAIN (human-u_cdr3beta_mhc_0_9); status: NEW; exit: -; error: -; workDir: /home/asmirnov/dissertation_new/PASS/work1/8e/0adb1f84a1dfca91bc6f2cf38a96f0 started: -; exited: -; ]
~> TaskHandler[jobId: null; id: 198; name: TRAIN (human-u_cdr3beta_mhc_0_10); status: NEW; exit: -; error: -; workDir: /home/asmirnov/dissertation_new/PASS/work1/48/e89ba2cf513b98dd79f079de816518 started: -; exited: -; ]
~> TaskHandler[jobId: null; id: 199; name: TRAIN (human-u_cdr3beta_mhc_0_12); status: NEW; exit: -; error: -; workDir: /home/asmirnov/dissertation_new/PASS/work1/a8/910d85d4a9bd6c209edccdada398ca started: -; exited: -; ]
~> TaskHandler[jobId: null; id: 200; name: TRAIN (human-u_cdr3beta_mhc_0_11); status: NEW; exit: -; error: -; workDir: /home/asmirnov/dissertation_new/PASS/work1/79/7df3a5af091ae8432f92df2bcb19ae started: -; exited: -; ]
.. remaining tasks omitted.
Aug-15 15:30:35.710 [Task monitor] DEBUG n.processor.TaskPollingMonitor - !! executor slurm > tasks to be completed: 30 -- submitted tasks are shown below
~> TaskHandler[jobId: 888911; id: 161; name: TRAIN (human-ch_cdr3alpha_mhc_0_3); status: RUNNING; exit: -; error: -; workDir: /home/asmirnov/dissertation_new/PASS/work1/f4/ff499d5377edd993fde1ece113d28f started: 1755260468567; exited: -; ]
~> TaskHandler[jobId: 888912; id: 162; name: TRAIN (human-ch_cdr3alpha_mhc_0_4); status: RUNNING; exit: -; error: -; workDir: /home/asmirnov/dissertation_new/PASS/work1/ec/9f532ed8890c806eeef12bc520893c started: 1755260468619; exited: -; ]
~> TaskHandler[jobId: 888913; id: 163; name: TRAIN (human-ch_cdr3alpha_mhc_0_5); status: RUNNING; exit: -; error: -; workDir: /home/asmirnov/dissertation_new/PASS/work1/a1/4937f0b2bf2d2f89421b1d98d633b0 started: 1755260468620; exited: -; ]
~> TaskHandler[jobId: 888914; id: 164; name: TRAIN (human-ch_cdr3alpha_mhc_0_6); status: RUNNING; exit: -; error: -; workDir: /home/asmirnov/dissertation_new/PASS/work1/e2/2e0b971efc30b0e2332a1a94b70838 started: 1755260468684; exited: -; ]
~> TaskHandler[jobId: 888915; id: 165; name: TRAIN (human-ch_cdr3alpha_mhc_0_8); status: RUNNING; exit: -; error: -; workDir: /home/asmirnov/dissertation_new/PASS/work1/95/073a4e50dfdad839b58488d4cddc91 started: 1755260468733; exited: -; ]
~> TaskHandler[jobId: 888916; id: 166; name: TRAIN (human-ch_cdr3alpha_mhc_0_7); status: RUNNING; exit: -; error: -; workDir: /home/asmirnov/dissertation_new/PASS/work1/b6/3d653af0905ff729316922cf464315 started: 1755260468969; exited: -; ]
~> TaskHandler[jobId: 888917; id: 167; name: TRAIN (human-ch_cdr3alpha_mhc_0_9); status: RUNNING; exit: -; error: -; workDir: /home/asmirnov/dissertation_new/PASS/work1/6b/64b06a9dd4435336fb67f4b1bcb43a started: 1755260469154; exited: -; ]
~> TaskHandler[jobId: 888918; id: 168; name: TRAIN (human-ch_cdr3alpha_mhc_0_10); status: RUNNING; exit: -; error: -; workDir: /home/asmirnov/dissertation_new/PASS/work1/e7/0156c5ac83a3cea576c54a246dcc56 started: 1755260469224; exited: -; ]
~> TaskHandler[jobId: 888919; id: 169; name: TRAIN (human-ch_cdr3alpha_mhc_0_11); status: RUNNING; exit: -; error: -; workDir: /home/asmirnov/dissertation_new/PASS/work1/f8/d29c2254d59f88e8920b63db5c3850 started: 1755260469419; exited: -; ]
~> TaskHandler[jobId: 888920; id: 170; name: TRAIN (human-ch_cdr3alpha_mhc_0_12); status: RUNNING; exit: -; error: -; workDir: /home/asmirnov/dissertation_new/PASS/work1/38/e7fc8ebb2bf8fb6b42d819af391e6a started: 1755260469532; exited: -; ]
.. remaining tasks omitted.
Aug-15 15:34:45.855 [Task monitor] DEBUG n.processor.TaskPollingMonitor - Task completed > TaskHandler[jobId: 888914; id: 164; name: TRAIN (human-ch_cdr3alpha_mhc_0_6); status: COMPLETED; exit: 0; error: -; workDir: /home/asmirnov/dissertation_new/PASS/work1/e2/2e0b971efc30b0e2332a1a94b70838 started: 1755260468684; exited: 2025-08-15T12:34:45.020581462Z; ]
Aug-15 15:34:45.905 [Task submitter] DEBUG nextflow.executor.GridTaskHandler - [SLURM] submitted process TRAIN (human-u_cdr3beta_mhc_0_4) > jobId: 888941; workDir: /home/asmirnov/dissertation_new/PASS/work1/b1/b1c0a8689a0c4c7621cb16cdeb8f16
Aug-15 15:34:45.906 [Task submitter] INFO  nextflow.Session - [b1/b1c0a8] Submitted process > TRAIN (human-u_cdr3beta_mhc_0_4)
Aug-15 15:34:46.134 [TaskFinalizer-1] DEBUG nextflow.processor.TaskProcessor - Handling unexpected condition for
  task: name=TRAIN (human-ch_cdr3alpha_mhc_0_6); work-dir=/home/asmirnov/dissertation_new/PASS/work1/e2/2e0b971efc30b0e2332a1a94b70838
  error [nextflow.exception.MissingFileException]: Missing output file(s) `*.HST` expected by process `TRAIN (human-ch_cdr3alpha_mhc_0_6)`
Aug-15 15:34:46.179 [TaskFinalizer-1] ERROR nextflow.processor.TaskProcessor - Error executing process > 'TRAIN (human-ch_cdr3alpha_mhc_0_6)'

Caused by:
  Missing output file(s) `*.HST` expected by process `TRAIN (human-ch_cdr3alpha_mhc_0_6)`


Command executed:

  WINEPREFIX=/home/asmirnov/dissertation_new/PASS
  program_path=$(readlink -f OLMPASSdoMNABase.exe |  tr '/' '\')
  config_path=$(readlink -f config.txt |  tr '/' '\')
  mkdir -p /tmp/.wine-0
  chmod -R 700 /tmp/.wine-0
  wine cmd /c "start /b /wait Z:${program_path} Z:${config_path}"
  exit 0

Command exit status:
  0

Command output:
  (empty)

Command error:
  time="2025-08-15T15:21:06+03:00" level=warning msg="Using cgroups-v1 which is deprecated in favor of cgroups-v2 with Podman v5 and will be removed in a future version. Set environment variable `PODMAN_IGNORE_CGROUPSV1_WARNING` to hide this warning."
  time="2025-08-15T15:21:07+03:00" level=warning msg="Using cgroups-v1 which is deprecated in favor of cgroups-v2 with Podman v5 and will be removed in a future version. Set environment variable `PODMAN_IGNORE_CGROUPSV1_WARNING` to hide this warning."
  time="2025-08-15T15:21:08+03:00" level=warning msg="Network file system detected as backing store.  Enforcing overlay option `force_mask=\"700\"`.  Add it to storage.conf to silence this warning"
  Trying to pull docker.io/scottyhardy/docker-wine:latest...
  Getting image source signatures
  Copying blob sha256:0d0076b95a9759af9928d3ce1302cd5b3131d6a861158d13b5e90f5bf2f3fbcb
  Copying blob sha256:750a07ac954e71b8a3af3dcbad255e197b4f9b3fe61b9f9f5ff5551992c392f8
  Copying blob sha256:32f112e3802cadcab3543160f4d2aa607b3cc1c62140d57b4f5441384f40e927
  Copying blob sha256:d1dc6e5602c8fc9594102b495f7b2b751a8b267cfc97a2779789ad569aa90efa
  Copying blob sha256:e02aec8ef122ced6ce25f7afa3b4a8d3da0a57de25c73b4cd3d217276d7bd2f1
  Copying blob sha256:272ed18cc9e8e279a878eda5f5214fab821c831519d7eb9ba22524352feddafb
  Copying blob sha256:be3f0b4953160dd886a8a36a0678091e9c2cc0f7d47626e48ac015aabf4a7f31
  Copying blob sha256:59d23e72c5299b078892155e8d22ad567cdfbb5097c6174b270b73fad87d3d17
  Copying blob sha256:7559501110b842574438be2cdb51c938964da067dd8357a498d634770333e497
  Copying blob sha256:b373c6b133c88a5dcdf61afd0b0b30c0f146bb6281b26fcba958ecbf4765355f
  Copying blob sha256:4370425357267ec2867d1696672c8f1b93f89e710c74deae4beec5e42b61d491
  Copying blob sha256:aab98c9e10cc1236153bec8ec28e265c4a9969f8df30da4672d168ff11a5f921
  Copying blob sha256:167a9fb8c77d125fac7a00d6cf9aeb04b9ff5b5169930064326372249be2a483
  Copying config sha256:3a17f6a3ba84aa2c0cfda0164cbcd05214e843a5002dcd45891497f0659ea408
  Writing manifest to image destination
  Resource limits are not supported and ignored on cgroups V1 rootless systems
  tr: warning: an unescaped backslash at end of string is not portable
  tr: warning: an unescaped backslash at end of string is not portable
  wine: created the configuration directory '/root/.wine'
  wineserver: /tmp/.wine-0/server-100063-10028c30c68 must not be accessible by other users

Work dir:
  /home/asmirnov/dissertation_new/PASS/work1/e2/2e0b971efc30b0e2332a1a94b70838

Container:
  docker.io/scottyhardy/docker-wine

Tip: view the complete command output by changing to the process work dir and entering the command `cat .command.out`
Aug-15 15:34:46.190 [TaskFinalizer-1] DEBUG nextflow.Session - Session aborted -- Cause: Missing output file(s) `*.HST` expected by process `TRAIN (human-ch_cdr3alpha_mhc_0_6)`
Aug-15 15:34:46.212 [Task monitor] DEBUG n.processor.TaskPollingMonitor - <<< barrier arrives (monitor: slurm) - terminating tasks monitor poll loop
Aug-15 15:34:46.213 [main] DEBUG nextflow.Session - Session await > all processes finished
Aug-15 15:34:46.213 [main] DEBUG nextflow.Session - Session await > all barriers passed
Aug-15 15:34:46.223 [main] WARN  n.processor.TaskPollingMonitor - Killing running tasks (30)
Aug-15 15:34:46.375 [main] DEBUG n.trace.WorkflowStatsObserver - Workflow completed > WorkflowStats[succeededCount=160; failedCount=1; ignoredCount=0; cachedCount=0; pendingCount=129; submittedCount=1; runningCount=-1; retriesCount=0; abortedCount=30; succeedDuration=29.3s; failedDuration=1.1s; cachedDuration=0ms;loadCpus=-1; loadMemory=0; peakRunning=30; peakCpus=30; peakMemory=0; ]
Aug-15 15:34:46.375 [main] DEBUG nextflow.trace.TraceFileObserver - Workflow completed -- saving trace file
Aug-15 15:34:46.377 [main] DEBUG nextflow.trace.ReportObserver - Workflow completed -- rendering execution report
Aug-15 15:34:47.623 [main] DEBUG nextflow.trace.TimelineObserver - Workflow completed -- rendering execution timeline
Aug-15 15:34:48.047 [main] DEBUG nextflow.cache.CacheDB - Closing CacheDB done
Aug-15 15:34:48.173 [main] DEBUG nextflow.script.ScriptRunner - > Execution complete -- Goodbye
